pulau,provinsi,jumlah_perusahaan_mikro,jumlah_perusahaan_kecil,jumlah_perusahaan_total,jumlah_tk_mikro,jumlah_tk_kecil,jumlah_tk_total,nilai_input_mikro,nilai_input_kecil,nilai_input_total,nilai_output_mikro,nilai_output_kecil,nilai_output_total,nilai_tambah_mikro,nilai_tambah_kecil,nilai_tambah_total,pengeluaran_tk_mikro,pengeluaran_tk_kecil,pengeluaran_tk_total,internet_tidak,internet_ya,banyak_umk_pinjaman,umk_kemitraan_tidak,umk_kemitraan_ya,usaha_total,tk_total,output_total,nilai_tambah_total_ind,pekerja_per_usaha,output_per_pekerja,nilai_tambah_per_usaha,rasio_output_input,share_kecil,internet_pct,pinjaman_pct,kemitraan_pct,upah_per_pekerja
SUMATERA,ACEH,101654,2922,104576,150225,19524,169749,3827146,728975,4556121,7946160,1694601,9640761,4119014,965626,5084640,520617,299350,819967,61118,43458,6684,90088,14488,104576,169749,9640761,5084640,1.6232118268053854,56.79421380980153,48.62148102815178,2.1160019674631116,2.7941401468788247,41.55638004895961,6.391523867809057,13.854039167686658,4.83046733706826
SUMATERA,SUMATERA UTARA,127090,11344,138434,217093,86270,303363,6684735,5435333,12120068,13190696,11678290,24868986,6505960,6242956,12748916,1148827,1445291,2594118,60367,78067,11493,117849,20586,138434,303363,24868986,12748916,2.1913908432899434,81.9776505374749,92.09382088215322,2.051885022427267,8.194518687605648,56.392938151032254,8.302151205628675,14.870516849062737,8.551201036382157
SUMATERA,SUMATERA BARAT,82777,3670,86447,133126,27262,160388,4209515,2143096,6352611,7698613,3665484,11364097,3489098,1522388,5011486,480718,554676,1035394,40723,45725,7879,70198,16250,86447,160388,11364097,5011486,1.855333325621479,70.85378581938798,57.97177461334691,1.7888860186779894,4.245375779379272,52.89306866555618,9.114254977037954,18.797427355173053,6.455557772401925
SUMATERA,RIAU,54345,2572,56917,92177,21300,113477,2756905,1826468,4583373,5948203,4006781,9954984,3191299,2180313,5371612,551395,569400,1120795,23255,33662,4258,50769,6147,56917,113477,9954984,5371612,1.9937277087689091,87.72688738687135,94.37623205720611,2.1719777116110777,4.5188607973013335,59.14225978178752,7.481068924925769,10.80012650221379,9.876847290640393
SUMATERA,JAMBI,38338,1331,39669,60913,9203,70116,2656681,728751,3385432,5001218,1347571,6348789,2344537,618820,2963357,307045,222181,529226,14643,25026,3248,35155,4514,39669,70116,6348789,2963357,1.7675262799667246,90.54693650521992,74.70208475131714,1.8753261031383883,3.3552648163553402,63.087045299856314,8.187753661549321,11.379162570268976,7.547863540418735
SUMATERA,SUMATERA SELATAN,80047,5312,85359,135987,43566,179553,3560323,4405328,7965651,6908867,6196522,13105389,3348545,1791194,5139739,496983,614367,1111350,36010,49349,5459,73402,11957,85359,179553,13105389,5139739,2.103504024180227,72.98897261532807,60.21320540306236,1.645237658541656,6.223128199721177,57.813470167176284,6.395342026031233,14.007896062512447,6.1895373510885365
SUMATERA,BENGKULU,22560,768,23328,40434,5132,45566,1307164,232310,1539474,2689260,443823,3133083,1382096,211513,1593609,180109,91153,271262,8209,15119,3328,20804,2525,23328,45566,3133083,1593609,1.9532750342935528,68.75922837203179,68.31314300411523,2.0351646081713626,3.292181069958848,64.8105281207133,14.266117969821673,10.823438638604312,5.953166834920775
SUMATERA,LAMPUNG,115840,5545,121385,210507,36191,246698,6821005,1573496,8394501,13133763,3097107,16230870,6312758,1523612,7836370,778708,500440,1279148,45156,76229,9950,106576,14809,121385,246698,16230870,7836370,2.0323598467685464,65.79246690285288,64.55797668575195,1.9335121885148385,4.568109733492606,62.79935741648474,8.19705894468015,12.200024714750587,5.185076490283667
SUMATERA,KEP. BANGKA BELITUNG,18044,433,18477,27869,3144,31013,664619,159611,824230,1352633,319924,1672557,688014,160314,848328,79062,70049,149111,7903,10574,800,16000,2478,18477,31013,1672557,848328,1.6784651187963413,53.930835456099054,45.91264815716837,2.0292357715686156,2.3434540239216326,57.22790496292688,4.32970720355036,13.410542266479055,4.808015993293135
SUMATERA,KEP. RIAU,23398,373,23771,35594,2538,38132,1078102,252549,1330651,2478235,476569,2954804,1400133,224020,1624153,159319,89217,248536,6869,16902,1406,20815,2955,23771,38132,2954804,1624153,1.6041394977072905,77.48882828070911,68.32497581086197,2.220570232164557,1.5691388666862987,71.10344537461613,5.914770098018594,12.431636516617585,6.517780341969999
JAWA,DKI JAKARTA,68935,13960,82895,121578,111919,233497,6095676,6922873,13018549,12551402,15585901,28137303,6455726,8663029,15118755,1275439,3829523,5104962,13803,69092,5918,64337,18558,82895,233497,28137303,15118755,2.8167802641896373,120.50391653854226,182.3844019542795,2.161324046174424,16.84058145847156,83.34881476566741,7.139151939200193,22.387357500452378,21.86307318723581
JAWA,JAWA BARAT,679916,54872,734788,1183611,450532,1634143,47162228,39998619,87160847,84208110,75091475,159299585,37045882,35092856,72138738,6941676,11471693,18413369,293519,441269,85501,593823,140964,734788,1634143,159299585,72138738,2.223965279781379,97.48203492595201,98.17626036353343,1.8276507225773058,7.467732189420621,60.05392031443083,11.636145391595944,19.1843350521988,11.26790556273227
JAWA,JAWA TENGAH,795416,48470,843886,1261408,351670,1613078,30378707,19564543,49943250,54956613,34500911,89457524,24577905,14936368,39514273,3520897,5311693,8832590,413709,430176,71278,696484,147402,843886,1613078,89457524,39514273,1.911488044593701,55.45765548845127,46.824183598258536,1.79118347324213,5.743666798596019,50.97566611564371,8.446401528168497,17.467051236778428,5.475612462633549
JAWA,DI YOGYAKARTA,125041,5259,130300,210285,34127,244412,4666601,1485056,6151657,8406081,2875136,11281217,3739481,1390080,5129561,566321,575195,1141516,53815,76484,12506,113280,17020,130300,244412,11281217,5129561,1.8757636224098235,46.15655941606795,39.36731389102072,1.8338501317612474,4.03607060629317,58.698838824549696,9.597851112816578,13.06216423637759,4.670458078981392
JAWA,JAWA TIMUR,724760,82605,807365,1241187,768588,2009775,31716750,12034162,43750912,61383026,23157267,84540293,29666276,11123106,40789382,4015461,4345822,8361283,343663,463701,63602,709054,98310,807365,2009775,84540293,40789382,2.4893016169885986,42.06455598263487,50.52161290122807,1.9323092739186785,10.231431880252426,57.433945531383614,7.8777256878859,12.176663809632334,4.160307994676021
JAWA,BANTEN,137183,9259,146442,239750,72700,312450,10767921,5742085,16510006,25174473,11698959,36873432,14406552,5956873,20363425,1530241,1914332,3444573,57291,89151,14089,118947,27494,146442,312450,36873432,20363425,2.1336092104724056,118.01386461833893,139.0545403641032,2.233399067208092,6.32263967987326,60.87802679559143,9.620873793037516,18.77479667579435,11.024397503600577
BALI & NUSA TENGGARA,BALI,145067,5046,150113,223931,38736,262667,6344576,1931610,8276186,13709146,4558211,18267357,7364570,2626601,9991171,1207017,862960,2069977,79358,70754,8533,134182,15931,150113,262667,18267357,9991171,1.749795154317081,69.54568712476254,66.55766655785975,2.20721924326012,3.361467694336933,47.13413984225112,5.6843844303957685,10.612671787253603,7.88061309566866
BALI & NUSA TENGGARA,NUSA TENGGARA BARAT,85727,16390,102117,128949,180161,309110,3003857,3854703,6858560,5483106,6493028,11976134,2479249,2638325,5117574,314597,749427,1064024,57615,44501,15643,77671,24445,102117,309110,11976134,5117574,3.0270180283400414,38.743922875351814,50.11480948323981,1.7461586688750992,16.050216908056445,43.578871087782524,15.318703056298169,23.93846214109444,3.442217980654136
BALI & NUSA TENGGARA,NUSA TENGGARA TIMUR,125244,1717,126961,192880,10898,203778,2461429,158842,2620271,4849776,305402,5155178,2388347,146560,2534907,136241,47673,183914,101540,25421,5206,119958,7003,126961,203778,5155178,2534907,1.605044068651003,25.298010580141135,19.966028938020337,1.9674216903518758,1.3523838029001032,20.02268413134742,4.100471798426288,5.5158670772914515,0.9025213712962145
KALIMANTAN,KALIMANTAN BARAT,56256,1471,57727,89639,10019,99658,2062680,647744,2710424,4084513,1432055,5516568,2021832,784311,2806143,295463,238491,533954,26051,31676,2322,50776,6951,57727,99658,5516568,2806143,1.726367211183675,55.35499407975276,48.61058083738978,2.035315507831985,2.548201015122906,54.87207026174927,4.022381208100196,12.041159249571258,5.357863894519256
KALIMANTAN,KALIMANTAN TENGAH,29780,756,30536,46855,5191,52046,1441366,256564,1697930,2949939,570460,3520399,1508573,313896,1822469,215850,127983,343833,12393,18144,1654,26237,4299,30536,52046,3520399,1822469,1.7044144616190726,67.64014525611958,59.68263688760807,2.0733475467186517,2.4757663086193347,59.41644562334217,5.416557505894682,14.078464762902804,6.606329016639127
KALIMANTAN,KALIMANTAN SELATAN,73446,2639,76085,105582,20363,125945,2927641,3159565,6087206,5262117,5877264,11139381,2334476,2717699,5052175,276177,428430,704607,37736,38349,3174,64179,11907,76085,125945,11139381,5052175,1.6553197082210684,88.44639326690222,66.4017217585595,1.8299661618154537,3.4684891897220216,50.40283893014392,4.171650128146152,15.649396735273244,5.59456111794831
KALIMANTAN,KALIMANTAN TIMUR,36351,1147,37498,59564,8082,67646,1888858,302302,2191160,4142310,1219734,5362044,2253453,917432,3170885,274055,170313,444368,9819,27680,1765,33076,4422,37498,67646,5362044,3170885,1.8039895461091258,79.26623894982704,84.56144327697477,2.447125723361142,3.0588298042562267,73.81530174137977,4.706917702277455,11.792628940210143,6.569021080329953
KALIMANTAN,KALIMANTAN UTARA,7239,272,7511,12274,1758,14032,342597,55868,398465,839891,142904,982795,497294,87036,584330,61061,29060,90121,1982,5528,584,6433,1078,7511,14032,982795,584330,1.8681933164691786,70.03955245153934,77.79656503794435,2.466452511512931,3.621355345493277,73.60852197070572,7.77526294767674,14.352283317800559,6.422534207525656
SULAWESI,SULAWESI UTARA,39432,1499,40931,67513,9847,77360,1510231,462950,1973181,3354518,904262,4258780,1844287,441312,2285599,345550,162127,507677,20805,20126,1933,36915,4016,40931,77360,4258780,2285599,1.8900100168576384,55.05144777662875,55.840292199066724,2.1583321550329138,3.6622608780630816,49.170555324814934,4.722581906134715,9.811634213676676,6.562525853154085
SULAWESI,SULAWESI TENGAH,52870,13051,65921,107951,88419,196370,1578450,526562,2105012,3519592,1905531,5425123,1941142,1378968,3320110,220622,225694,446316,47025,18896,8414,56979,8942,65921,196370,5425123,3320110,2.9788686458033102,27.627045882772318,50.3649823273312,2.5772408898381576,19.797939958435094,28.6646137042824,12.763762685638872,13.56472140895921,2.272831898966237
SULAWESI,SULAWESI SELATAN,123684,6341,130025,206147,44513,250660,9390042,3336906,12726948,17562654,6087555,23650209,8172612,2750649,10923261,1439212,1141693,2580905,61579,68445,12810,113997,16028,130025,250660,23650209,10923261,1.9277831186310326,94.3517473868986,84.00892905210536,1.858278119781742,4.876754470294174,52.64028179413032,9.851951547779274,12.326860219188617,10.29643740525014
SULAWESI,SULAWESI TENGGARA,51459,2487,53946,95157,16573,111730,2628084,372458,3000542,4919531,691424,5610955,2291447,318966,2610413,270256,115152,385408,35265,18681,6314,48440,5507,53946,111730,5610955,2610413,2.0711452192933675,50.218875861451714,48.38937085233381,1.8699804901914387,4.610165721276832,34.629073517962404,11.704296889482075,10.20816727528871,3.449458516065515
SULAWESI,GORONTALO,35234,3534,38768,68513,27774,96287,1131774,425410,1557184,2409826,915938,3325764,1278053,490528,1768581,148073,156211,304284,25910,12858,2464,33930,4839,38768,96287,3325764,1768581,2.4836721007016096,34.54011444951032,45.619608955839865,2.1357553121532202,9.115765579859678,33.16652909616178,6.355757325629385,12.481621914416158,3.1601773863553753
SULAWESI,SULAWESI BARAT,23137,632,23769,36884,4602,41486,719584,405671,1125255,1503059,575323,2078382,783475,169653,953128,90311,41426,131737,14644,9125,2100,21582,2187,23769,41486,2078382,953128,1.7453826412554168,50.09839463915538,40.09962556270773,1.8470320060786223,2.6589254911859985,38.390340359291514,8.835037233371198,9.201060204468005,3.1754567806006846
MALUKU & PAPUA,MALUKU,32021,1397,33418,50892,9306,60198,1014619,53784,1068403,2226234,152539,2378773,1211614,98755,1310369,50941,24581,75522,29938,3480,596,31040,2378,33418,60198,2378773,1310369,1.8013645340834281,39.51581447888634,39.21147285893829,2.226475403008041,4.180381830151416,10.413549584056495,1.7834699862349632,7.115925549105273,1.254559952157879
MALUKU & PAPUA,MALUKU UTARA,17071,5125,22196,32842,41659,74501,730626,285542,1016168,1970849,710458,2681307,1240223,424916,1665139,85907,111215,197122,17328,4867,880,20460,1735,22196,74501,2681307,1665139,3.356505676698504,35.99021489644434,75.01977833843935,2.638645381472355,23.089745900162193,21.92836224374859,3.9646783204180935,7.817075917999549,2.645897370505094
MALUKU & PAPUA,PAPUA BARAT,3199,166,3365,5119,1092,6211,189483,110536,300019,370701,243834,614535,181218,133298,314516,24962,38384,63346,1999,1366,230,3169,197,3365,6211,614535,314516,1.8457652303120358,98.94300434712606,93.4668647845468,2.0483202730493737,4.933135215453195,40.594353640416045,6.8350668647845465,5.852644087938206,10.19900177105136
MALUKU & PAPUA,PAPUA BARAT DAYA,3605,174,3779,5637,981,6618,197588,66410,263998,483952,168100,652052,286364,101690,388054,38935,20860,59795,2087,1692,284,3225,554,3779,6618,652052,388054,1.7512569462820853,98.52704744635841,102.68695422069331,2.4699126508534155,4.60439269648055,44.773749669224664,7.515215665519979,14.659962953162212,9.035207011181626
MALUKU & PAPUA,PAPUA,7241,124,7365,11085,828,11913,261132,22953,284085,602040,66547,668587,340909,43595,384504,47302,19911,67213,4252,3113,700,6415,950,7365,11913,668587,384504,1.6175152749490835,56.12247124989507,52.20692464358452,2.3534751922839994,1.6836388323150036,42.267481330617784,9.504412763068567,12.898845892735913,5.6419877444808195
MALUKU & PAPUA,PAPUA SELATAN,2842,81,2923,4183,564,4747,183596,26016,209612,357369,58946,416315,173774,32930,206704,25399,12107,37506,1495,1428,364,2484,439,2923,4747,416315,206704,1.6240164214847759,87.7006530440278,70.7163872733493,1.9861219777493655,2.7711255559356824,48.85391720834759,12.452959288402326,15.018816284639069,7.900990099009901
MALUKU & PAPUA,PAPUA TENGAH,2524,139,2663,4205,1144,5349,144715,101163,245878,353490,200562,554052,208775,99399,308174,41644,44094,85738,1591,1073,53,2500,163,2663,5349,554052,308174,2.0086368757040933,103.58048233314638,115.72437101013894,2.2533614231448116,5.219677055951934,40.27777777777778,1.9902365752910254,6.120916259857304,16.028790428117404
MALUKU & PAPUA,PAPUA PEGUNUNGAN,115,117,232,167,756,923,885,69235,70120,5531,133307,138838,4646,64072,68718,599,5427,6026,90,142,86,143,89,232,923,138838,68718,3.978448275862069,150.42036836403034,296.19827586206895,1.9800057045065602,50.43103448275862,61.206896551724135,37.06896551724138,38.362068965517246,6.528710725893824
