kab_kota,provinsi,repr_lon,repr_lat,sektorC_t1,sektorC_t2,pdrb_t1,pdrb_t2,share_c_t1,share_c_t2,growth_c_pct,growth_pdrb_pct
Aceh Barat,Aceh,96.18932933198394,4.443076317000049,69.45,70.36,4013.58,4043.16,1.7303753755998388,1.7402229938958638,1.3102951763858783,0.7369978921561327
Aceh Barat Daya,Aceh,96.8509968529992,3.8602143760000445,49.43,50.26,1466.14,1559.35,3.371437925436861,3.223137845897329,1.6791422213230822,6.357510196843408
Aceh Jaya,Aceh,95.69530320560133,4.813812611000031,48.26,52.66,956.11,1019.68,5.047536371338026,5.164365291071709,9.11728139245751,6.648816558764148
Aceh Selatan,Aceh,97.46630867185425,3.0742849605000515,63.86,64.91,2059.22,2213.98,3.1011742310195123,2.931824135719383,1.6442217350454147,7.515467021493594
Aceh Singkil,Aceh,97.93933581841986,2.354130869500068,60.06,64.09,946.1,991.44,6.348166155797484,6.464334705075446,6.70995670995671,4.792305253144491
Aceh Tamiang,Aceh,97.91335871875401,4.199194006000056,323.35,276.9,3223.64,3317.77,10.030586541921556,8.345967321423727,-14.365238905211086,2.9199910659999384
Aceh Tengah,Aceh,96.96337971742217,4.5662465005000215,73.2,70.24,3033.43,3022.48,2.4131099118819295,2.3239194304015243,-4.0437158469945444,-0.3609775073102006
Aceh Tenggara,Aceh,97.73751287404815,3.3498489920000334,35.91,34.3,1868.49,1990.06,1.921872742160782,1.723566123634463,-4.483430799220267,6.506323287788529
Aceh Timur,Aceh,97.63819112073567,4.706086823000039,193.84,201.08,4134.9,4294.45,4.687900553822342,4.68232253257111,3.7350392075939043,3.8586181044281576
Aceh Utara,Aceh,97.16146826347082,5.005814097000041,528.56,634.07,7929.62,8681.43,6.6656409764906766,7.303750649374585,19.961782957469374,9.48103440013519
Kepulauan Seribu,Daerah Khusus Ibukota Jakarta,106.6179274529775,-5.859113462499948,84.48,84.32,2069.84,2348.08,4.081474896610366,3.5910190453476885,-0.18939393939395588,13.442584934101177
Agam,Sumatera Barat,100.15006402014339,-0.24109461549997502,847.15,837.86,7873.42,8030.25,10.759619072779046,10.43379720432116,-1.096618072360267,1.9918917065265163
Alor,Nusa Tenggara Timur,124.77403382097806,-8.28966432949997,18.2,18.63,1099.61,1197.29,1.655132274169933,1.5560139982794476,2.3626373626373542,8.88314948027029
Asahan,Sumatera Utara,99.62082950585835,2.853889480000049,3294.37,3578.26,16159.39,17305.02,20.386722518609922,20.67758373003903,8.617429129089938,7.08956216787886
Asmat,Papua Selatan,138.8017343615153,-5.532479234999954,10.43,10.59,939.42,966.46,1.11025952183262,1.0957515054942781,1.5340364333652934,2.878371761299525
Badung,Bali,115.20267514592834,-8.553721833499964,744.51,798.52,20671.64,22806.85,3.6016010340737354,3.5012287974884737,7.254435803414316,10.32917562418849
Balangan,Kalimantan Selatan,115.6250020252979,-2.2863862544999445,82.78,84.76,5390.79,6468.41,1.5355819833456692,1.3103683903772334,2.391882097124909,19.990020015619226
Bandung,Jawa Barat,107.62817825533524,-7.074471320499953,24153.08,24909.87,47109.15,49037.8,51.27046444268258,50.79728291236556,3.1333063940499395,4.0940029696991065
Bandung Barat,Jawa Barat,107.40694014063865,-6.910743258999958,6926.89,7284.86,17337.14,18117.35,39.95405239849249,40.20930213303822,5.167831451055216,4.500223220208177
Banggai Laut,Sulawesi Tengah,123.10049986143576,-1.8417098474999425,27.24,27.64,924.43,957.27,2.9466806572698854,2.887377646849896,1.468428781204123,3.5524593533312387
Bangka,Kepulauan Bangka Belitung,105.93908494704655,-1.9173410194999576,1493.34,1534.51,5759.25,6097.78,25.92941789295481,25.16506007104225,2.756907335235126,5.878022311932973
Bangka Barat,Kepulauan Bangka Belitung,105.55299364325526,-1.843300388999978,3172.04,3160.91,6072.58,6212.05,52.23545840482958,50.88352476235703,-0.3508782991387238,2.296717375481272
Bangka Selatan,Kepulauan Bangka Belitung,106.28993367506709,-2.7635978939999575,167.48,177.22,3395.52,3592.61,4.932381490905664,4.932903933352075,5.815619775495584,5.804412873433229
Bangka Tengah,Kepulauan Bangka Belitung,106.09188118834379,-2.431079249999954,320.06,415.42,3327.93,3639.91,9.617389788847722,11.41291955020866,29.794413547459865,9.374596220473386
Bangkalan,Jawa Timur,112.89403805734074,-7.043393240999961,263.52,267.15,8006.5,8449.77,3.2913257977892965,3.1616245175904196,1.3775045537340658,5.536376693936185
Bangli,Bali,115.36783471270999,-8.335524508999953,194.38,198.82,2350.82,2537.55,8.268604146638193,7.835116549427597,2.284185615804102,7.943185781982454
Banjar,Kalimantan Selatan,115.02823655239604,-3.285802415499944,434.78,445.04,6224.88,6661.12,6.984552312655022,6.681158724058417,2.359814158884954,7.008006580046522
Banjarnegara,Jawa Tengah,109.6505875914976,-7.365722874499966,1364.62,1471.46,8225.98,8471.45,16.589148040719767,17.369635658594454,7.829285808503483,2.984082139757227
Bantaeng,Sulawesi Selatan,119.98440746017393,-5.456496904499943,366.04,340.75,3645.81,3832.08,10.040018541832954,8.89203774451473,-6.909080974756865,5.1091526985772795
Bantul,Daerah Istimewa Yogyakarta,110.37313720952824,-7.8834945959999345,1498.98,1505.52,10396.8,10522.14,14.417705447830103,14.308116029628954,0.4362966817435865,1.2055632502308455
Banyu Asin,Sumatera Selatan,105.01404379184282,-2.4010766909999575,2995.44,2903.91,12064.28,12284.28,24.828999326938696,23.63923648760855,-3.055644579761241,1.8235651029319566
Banyumas,Jawa Tengah,109.11628692661517,-7.456857941499966,5417.3,5791.59,21251.25,21819.73,25.491676960178815,26.542904059766094,6.909161390360508,2.6750426445503184
Banyuwangi,Jawa Timur,114.1443656282846,-8.308172666499956,4311.13,4388.23,29937.33,32887.24,14.400516011280898,13.343260182368603,1.78839422610777,9.85361754037517
Barito Kuala,Kalimantan Selatan,114.68086253033758,-3.034163104999948,441.5,444.49,2875.42,3014.46,15.35427867928859,14.745261174472377,0.6772366930917428,4.835467514310943
Barito Selatan,Kalimantan Tengah,114.77547415605372,-1.9029570554999775,127.31,126.69,2350.7,2419.81,5.415833581486367,5.235535021344651,-0.48700023564527406,2.9399753264985007
Barito Timur,Kalimantan Tengah,115.17792944570297,-1.993367708999955,241.05,252.13,2768.13,2883.75,8.708044781133834,8.743129605548331,4.596556730968682,4.176826955381419
Barito Utara,Kalimantan Tengah,115.04459025928116,-0.7572099594999315,324.66,372.28,3727.04,3946.66,8.710934146132052,9.43278620403075,14.667652313189162,5.892611831372885
Barru,Sulawesi Selatan,119.67807168558963,-4.44309390899997,145.87,163.72,2750.64,3026.69,5.303129453509002,5.409209400368058,12.236923287859058,10.035846203065478
Batang,Jawa Tengah,109.87504224858839,-7.0166889029999595,3025.32,3209.08,8656.72,9210.21,34.94764760786996,34.84263659569109,6.0740681977443645,6.393761147409172
Batang Hari,Jambi,103.0101794971664,-1.8601457894999385,718.57,760.45,7165.85,7639.96,10.027700831024932,9.953586144430076,5.828242203264811,6.616242315984833
Batu Bara,Sumatera Utara,99.50465048482576,3.222246666500011,6139.88,6397.18,13536.82,14474.33,45.356885886050044,44.196726204252634,4.1906356476022255,6.925629505304798
Bekasi,Jawa Barat,107.1600531283737,-6.209911279499948,89944.54,92084.08,118640.52,121336.14,75.81266501529156,75.89171701028235,2.3787324944904986,2.2720905134266056
Belitung,Kepulauan Bangka Belitung,107.66155938417967,-2.883845960999963,493.69,538.57,3959.63,4280.43,12.46808413917462,12.582147120733197,9.090724948854545,8.101767084298285
Belitung Timur,Kepulauan Bangka Belitung,108.01097977203602,-2.93036815399995,644.15,698.34,3103.12,3349.12,20.758140194385007,20.851447544429583,8.412636808196861,7.927505220552211
Belu,Nusa Tenggara Timur,124.91079786432861,-9.172403502499947,24.66,25.84,1649.33,1776.51,1.4951525771070677,1.45453726688845,4.785077047850761,7.711009925242385
Bener Meriah,Aceh,96.98160220047717,4.787172097500047,37.71,37.69,1838.59,1848.12,2.0510282335920462,2.0393697378958073,-0.05303632988598039,0.5183319826606247
Bengkalis,Riau,101.56621917234804,1.3100838890000261,7883.41,8093.2,46868.18,53785.42,16.820388587736925,15.047200523859441,2.6611580521627154,14.758925992005656
Bengkayang,Kalimantan Barat,109.75635346266432,1.0356125980000286,304.47,335.48,3564.53,3553.1,8.541659068657017,9.441895809293294,10.184911485532222,-0.320659385669364
Bengkulu Selatan,Bengkulu,103.00858182003742,-4.373762241499946,64.17,70.64,2178.16,2378.53,2.9460645682594486,2.96990157786532,10.082593112046133,9.199048738384707
Bengkulu Tengah,Bengkulu,102.38824141002144,-3.6697722399999577,235.16,254.75,1760.37,1848.55,13.358555303714562,13.781071650753294,8.330498384078933,5.0091742076949775
Bengkulu Utara,Bengkulu,101.8572187692787,-3.1881064224999704,246.57,268.07,3366.16,3744.34,7.324963756921835,7.159339162576048,8.719633369834124,11.23476008270552
Berau,Kalimantan Timur,117.26401800957845,1.769936844500052,741.94,757.38,13004.99,14002.39,5.705040911219463,5.408933760593728,2.081030811116791,7.669363836496612
Biak Numfor,Papua,135.93747725166997,-0.937947445499958,66.59,69.82,1781.52,1835.48,3.7378193901836636,3.803909604027284,4.850578164889607,3.0288742197673857
Bima,Nusa Tenggara Barat,118.76275941074564,-8.561202183999939,88.97,92.43,4136.14,4421.34,2.151039374876092,2.0905426861539715,3.8889513319096514,6.895317856745664
Bintan,Kepulauan Riau,104.5664267861074,1.020546344000053,4160.28,4053.62,8508.69,8738.9,48.894483169559585,46.38592957923766,-2.563769746267075,2.705586876475685
Bireuen,Aceh,96.59473103448154,5.067601954000054,71.04,71.52,5092.69,5482.9,1.3949405913181445,1.3044191942220358,0.6756756756756577,7.662158898342519
Blitar,Jawa Timur,112.28718948325087,-8.138296822499939,2079.04,2178.6,13180.02,14250.14,15.774179401852198,15.288270852075838,4.788748653224562,8.119259303096648
Blora,Jawa Tengah,111.42080201537664,-7.142770589499946,1085.55,1106.52,9447.09,9690.66,11.490840036455669,11.418417321420831,1.931739671134447,2.5782542560724986
Boalemo,Gorontalo,122.33956385584139,0.683639171000067,37.02,37.58,1973.55,1967.14,1.8758075549137343,1.9103876694083797,1.5126958400864199,-0.32479541942184165
Bogor,Jawa Barat,106.9982695858533,-6.54600897499995,44256.76,45135.76,88462.23,90441.63,50.0289897733756,49.90595591875113,1.9861372590311621,2.2375651167735766
Bojonegoro,Jawa Timur,111.79916695365273,-7.236295837999961,2019.6,2109.98,28440.1,29938.01,7.101240853583497,7.047829832376968,4.475143592790665,5.266894279555978
Bolaang Mongondow,Sulawesi Utara,123.98107407268978,0.7231678250000471,225.68,241.87,3164.9,3465.68,7.130715030490695,6.979005563121812,7.1738745125842,9.503617807829624
Bolaang Mongondow Selatan,Sulawesi Utara,124.15067008255888,0.44882985550003696,6.62,6.81,808.93,878.49,0.8183650006799106,0.7751937984496124,2.8700906344410804,8.599013511675935
Bolaang Mongondow Timur,Sulawesi Utara,124.48738181754703,0.709567163500026,17.42,17.81,1174.31,1276.64,1.4834243087430068,1.3950683042987841,2.238805970149227,8.714053358993802
Bolaang Mongondow Utara,Sulawesi Utara,123.48068722660821,0.776575725000072,35.13,36.41,970.78,1042.16,3.618739570242486,3.4937053811314955,3.6436094506119954,7.352850285337564
Bombana,Sulawesi Tenggara,121.75462145151417,-4.635421229999963,86.65,91.23,2372.2,2537.92,3.652727426018043,3.5946759551128484,5.285631852279282,6.985920242812593
Bondowoso,Jawa Timur,113.89238653905969,-7.920616348999971,1851.69,1948.19,7122.46,8228.06,25.997899602103768,23.67739175455697,5.211455481209049,15.522726698359834
Bone,Sulawesi Selatan,120.10189826261893,-4.6717637934999345,1056.38,1132.65,14940.22,15603.49,7.070712479468175,7.258952965009752,7.219939794392172,4.439492858873573
Boven Digoel,Papua Selatan,140.43037405096266,-6.039061110999938,297.68,301.2,1605.73,1653.08,18.53860860792288,18.220533791468046,1.1824778285407067,2.948814557864643
Boyolali,Jawa Tengah,110.70320027220285,-7.38658964849995,4067.29,4210.99,12917.63,13451.13,31.4863485020085,31.305845679879685,3.533065013805259,4.130014561494644
Brebes,Jawa Tengah,108.89417016719156,-7.050374956999946,3432.35,3505.93,17765.87,18204.46,19.319909466859773,19.258632225289844,2.1437207743965514,2.4687223310763784
Buleleng,Bali,114.98673713696536,-8.216589233499946,768.39,820.98,11402.23,12273.34,6.7389449256855904,6.6891327055227014,6.8441806894936175,7.639821333195362
Bulukumba,Sulawesi Selatan,120.24440149252979,-5.453308181999972,371.93,415.19,5476.12,5879.22,6.791852625581616,7.061991216521919,11.631220928669372,7.361051255268336
Bulungan,Kalimantan Utara,117.07168873678195,2.7643520585000374,989.27,1749.51,7254.53,7711.74,13.636582935076428,22.686319818873564,76.84858532048884,6.302406909889413
Bungo,Jambi,101.96924068829071,-1.5394771519999324,507.38,551.9,7430.12,8017.01,6.828691865003527,6.884112655466314,8.774488549016525,7.898795712586071
Buru,Maluku,126.72045033818634,-3.3646077654999544,113.21,119.42,865.25,886.96,13.084079745738226,13.463966807973302,5.485381150075086,2.509101415775783
Buru Selatan,Maluku,126.35879894130389,-3.493058697499947,18.78,19.64,514.55,524.4,3.6497910795841033,3.745232646834478,4.579339723109688,1.914294043338849
Buton Tengah,Sulawesi Tenggara,122.39868184165007,-5.28180888299994,45.75,48.12,866.28,913.8,5.281202382601469,5.265922521339462,5.180327868852452,5.485524310846368
Ciamis,Jawa Barat,108.39901397651713,-7.3100305714999365,875.9,928.28,12420.04,12913.95,7.052312230878482,7.188195710839827,5.98013471857517,3.9767182714387284
Cianjur,Jawa Barat,107.06852555329877,-7.053192194999951,1278.1,1373.6,18643.09,19896.0,6.855623182637642,6.90390028146361,7.472028792739227,6.7205060963606345
Cilacap,Jawa Tengah,108.88398670356155,-7.727674757999949,19182.42,20912.7,36980.93,39133.97,51.87111303041865,53.43873877350036,9.02013406024893,5.822027731590307
Cirebon,Jawa Barat,108.45033449913842,-6.7619805354999585,3837.24,4080.62,19011.87,20756.45,20.183390692235957,19.659527520361138,6.342579562393813,9.176267247777314
Dairi,Sumatera Utara,98.2997910798507,2.840436302000057,15.2,16.63,3564.82,3685.06,0.4263889901874428,0.4512816616283046,9.407894736842092,3.3729613276406667
Deiyai,Papua Tengah,136.36069818649054,-4.186626279499933,1.42,1.5,484.43,503.9,0.29312800611027395,0.2976781107362572,5.633802816901423,4.019156534483814
Deli Serdang,Sumatera Utara,98.71548414725476,3.465343962500043,11814.55,12790.12,42361.14,44811.17,27.8900662257909,28.542258548482447,8.257360627362043,5.783673432773528
Demak,Jawa Tengah,110.65425882123162,-6.93049244499997,3148.93,3348.03,10620.82,10583.06,29.648652363941768,31.635746183051026,6.322782659506565,-0.35552810423300496
Dharmasraya,Sumatera Barat,101.58229624904968,-1.2608864369999675,218.97,214.87,3992.69,4258.09,5.484272508008385,5.046159193441191,-1.8724026122299842,6.647147662352948
Dogiyai,Papua Tengah,135.72001894478808,-4.054686605499967,0.23,0.23,446.35,459.54,0.05152906911616445,0.050050050050050046,0.0,2.9550800940965516
Dompu,Nusa Tenggara Barat,118.32325793383723,-8.504590088999947,61.6,62.26,2600.31,2733.58,2.368948317700582,2.2775993385962727,1.0714285714285676,5.1251581542200775
Donggala,Sulawesi Tengah,119.67686407003285,-1.054582056499953,96.0,99.07,4626.92,5167.68,2.0748143473412117,1.9171078704563749,3.197916666666667,11.687256317377436
Empat Lawang,Sumatera Selatan,102.9331463537913,-3.7136670774999345,236.95,249.64,1898.05,2021.05,12.483865019361977,12.351995249993815,5.355560244777369,6.480335080740751
Ende,Nusa Tenggara Timur,121.70357575013585,-8.671165813499954,51.46,57.35,2171.08,2362.78,2.3702489083773974,2.42722555633618,11.44578313253013,8.8297068739982
Enrekang,Sulawesi Selatan,119.88421013044676,-3.519351629499965,431.45,458.74,2897.55,3019.05,14.890165829752721,15.194846060846952,6.325182524046813,4.193197701506435
Fakfak,Papua Barat,133.08967639792195,-3.2744935894999405,61.14,61.09,1714.09,1742.8,3.566907221907835,3.50527886160202,-0.0817795224075879,1.6749412224562388
Flores Timur,Nusa Tenggara Timur,123.15821530645613,-8.33736945949994,21.42,21.81,1791.53,1929.05,1.1956260849664813,1.130608330525388,1.8207282913165201,7.676120411045306
Garut,Jawa Barat,107.70601358700836,-7.341692859499943,2169.63,2184.77,23619.13,24023.74,9.185901428206712,9.094212641328951,0.6978148347875024,1.7130605572686308
Gayo Lues,Aceh,97.33368507282141,3.9789912025000547,100.59,103.99,982.37,1020.24,10.239522786730051,10.19269975691994,3.380057659807134,3.8549629976485367
Gianyar,Bali,115.28303296906185,-8.484263832999972,1140.75,1191.25,9273.64,9763.6,12.300995078523643,12.200929984841656,4.426912119219817,5.283362304337902
Gorontalo,Gorontalo,122.71921278529754,0.7045168355000725,265.72,254.64,4973.61,4939.03,5.342598233476289,5.155668218253381,-4.169802799939804,-0.6952696331236297
Gorontalo Utara,Gorontalo,123.05192286717826,0.8644505080000331,32.57,34.8,1264.31,1271.78,2.576108707516353,2.7363223198980955,6.846791525944118,0.5908361082329616
Gowa,Sulawesi Selatan,119.76672373620272,-5.335915401999927,753.63,745.75,8677.85,9662.36,8.684524392562674,7.718093716234957,-1.0456059339463697,11.345091238037064
Gresik,Jawa Timur,112.65809680613756,-5.798876333999971,28245.89,29503.4,53379.27,55963.54,52.91546699683229,52.718966670085564,4.452010540294538,4.841336346488068
Grobogan,Jawa Tengah,110.89793461530684,-7.107985093999957,1623.4,1682.8,11238.85,10840.4,14.444538364690338,15.523412420205895,3.6589873105827175,-3.545291555630703
Gunung Mas,Kalimantan Tengah,113.55769447996992,-0.979230498999978,212.04,213.05,2758.31,2847.06,7.687315783940166,7.483158064810717,0.4763252216563041,3.2175498765548483
Gunung Kidul,Daerah Istimewa Yogyakarta,110.55606279839563,-7.987126950499942,628.44,642.0,7985.39,7740.38,7.8698723543872005,8.294166436273153,2.157723887721974,-3.068228352027891
Halmahera Selatan,Maluku Utara,127.71497281044779,-1.525286431999945,5256.08,5906.58,8489.68,9425.42,61.9114030210797,62.666491254501125,12.37614343769502,11.02208799389377
Halmahera Tengah,Maluku Utara,128.57773193317314,0.3887135475000605,11094.91,13285.97,15928.37,17160.64,69.65502433707906,77.42118009584725,19.74833504733251,7.736322046763089
Halmahera Timur,Maluku Utara,128.24753739168136,1.0011442990000605,37.45,38.55,2082.84,2465.3,1.7980257725029287,1.563704214497221,2.9372496662216196,18.362428223003203
Hulu Sungai Selatan,Kalimantan Selatan,115.16835022627582,-2.7214070704999354,210.0,229.29,2597.59,3008.73,8.084416709334421,7.620823403894667,9.185714285714287,15.827748027979771
Hulu Sungai Tengah,Kalimantan Selatan,115.43369255185861,-2.6244690574999368,331.5,345.76,2766.6,3244.21,11.982216438950337,10.6577564337697,4.301659125188539,17.263428034410477
Hulu Sungai Utara,Kalimantan Selatan,115.16075407329998,-2.4212736214999495,150.98,155.07,1794.66,1873.57,8.412735559938929,8.276712372636197,2.7089680752417467,4.396933123822899
Humbang Hasundutan,Sumatera Utara,98.60652426416776,2.245763086000068,34.43,36.34,2285.46,2383.37,1.50648009591067,1.524731787343132,5.547487656113859,4.284039099349801
Indragiri Hilir,Riau,103.22143052750712,-0.30023682999996,6629.33,7262.48,27064.73,27892.56,24.494351135222853,26.037337555247703,9.55073891328384,3.0587040772252383
Indragiri Hulu,Riau,102.30780548808829,-0.4622875969999425,4687.57,4717.81,16954.76,17298.71,27.647516095774876,27.272611657169815,0.6451103663518865,2.0286338467781384
Indramayu,Jawa Barat,108.17082040754094,-6.4297710574999485,12294.69,13413.29,28495.3,32574.66,43.14637852558141,41.17706831015274,9.098236718453245,14.315904728148144
Intan Jaya,Papua Tengah,136.71923112224349,-3.5197934394999493,0.98,1.04,404.91,419.68,0.24202909288483862,0.247807853602745,6.1224489795918435,3.6477241856214926
Jayapura,Papua,139.95603417985222,-3.051334974499952,234.08,234.18,5597.08,5736.98,4.182180708512296,4.081938580925853,0.042720437457277605,2.4995176056086255
Jayawijaya,Papua Pegunungan,138.94536667298294,-4.10315680049996,48.68,48.86,3028.26,3230.2,1.6075237925409311,1.5125998390192559,0.3697617091207972,6.66851591342883
Jember,Jawa Timur,113.63497845055062,-8.248682247999966,6351.75,6518.46,27790.27,30851.66,22.856021190150365,21.128393091327986,2.624631007202738,11.016049862056043
Jembrana,Bali,114.66130568796945,-8.295523050499952,250.99,259.94,4622.96,4872.88,5.429205530655684,5.33442235392622,3.565879118689974,5.406060186547146
Jeneponto,Sulawesi Selatan,119.6113233982071,-5.540802792499932,131.25,145.09,3543.65,4455.25,3.703808220337787,3.256607373323607,10.544761904761902,25.724888180266102
Jepara,Jawa Tengah,110.77846479794941,-6.605531080499958,3737.87,4020.41,11384.44,12039.24,32.83314769984294,33.394217575195775,7.558850361302016,5.751710229049478
Jombang,Jawa Timur,112.2408272728147,-7.559091050499973,3413.81,3582.12,14977.95,16109.75,22.79223792308026,22.23572681140303,4.930268526953752,7.556441302047334
Kaimana,Papua Barat,134.30852192689844,-3.5137500299999544,46.87,44.49,810.68,807.87,5.781566092662949,5.507074157970961,-5.077874973330476,-0.3466225884442675
Kampar,Riau,101.11591581780776,0.291455910000053,8524.41,8843.22,33455.0,36442.17,25.48022717082648,24.26644736029715,3.739965581195648,8.928919444029294
Kapuas,Kalimantan Tengah,114.33191837963759,-1.9224195344999655,1009.6,1002.85,7027.21,7193.29,14.367010520533755,13.941464892976649,-0.6685816164817782,2.363384614946762
Kapuas Hulu,Kalimantan Barat,112.79369681237384,0.8123608940000511,407.45,439.84,4057.34,4233.31,10.042293719530528,10.3899785274407,7.949441649282107,4.33707798705556
Karanganyar,Jawa Tengah,111.07218707984892,-7.651244563499972,6723.3,7009.93,14400.75,15084.29,46.6871517108484,46.47172654463684,4.263233828625834,4.746558338975415
Karangasem,Bali,115.55355529543183,-8.374273955999968,230.95,237.56,5619.3,5915.66,4.109942519530902,4.015781840065183,2.8620913617666277,5.273966508283934
Karawang,Jawa Barat,107.42795896072721,-6.261737088499956,58373.02,60139.79,86126.44,90047.91,67.77595823071289,66.78643624266238,3.0266893849247634,4.553154641013846
Karimun,Kepulauan Riau,103.4257067705225,0.7723000250000496,712.94,730.39,5079.57,5291.36,14.03544000771719,13.803445617005835,2.4476112996886012,4.169447413855898
Karo,Sumatera Utara,98.33509408327568,3.0822328760000346,313.46,319.81,7886.23,8196.42,3.9747762872754153,3.9018254311028477,2.0257768136285437,3.933311607701029
Katingan,Kalimantan Tengah,113.33397451490148,-1.8572766059999424,517.11,580.08,3226.24,3460.91,16.028255802420155,16.760909702939404,12.177293032430248,7.273792402301127
Kaur,Bengkulu,103.36415832707829,-4.585682504999937,51.8,56.29,1409.84,1530.36,3.6741757929977874,3.6782195039075773,8.667953667953675,8.548487771662039
Kebumen,Jawa Tengah,109.61961742240644,-7.634704772499958,2448.74,2512.35,11298.58,11004.16,21.672988995077255,22.830911219029893,2.59766247131179,-2.605814181959154
Kediri,Jawa Timur,112.16581892506161,-7.803305195999968,3506.22,3680.28,14915.64,15570.92,23.507003387048762,23.63559763970273,4.964320550336265,4.393240920268937
Keerom,Papua,140.68025880464185,-3.4356380934999606,56.13,57.35,983.93,1028.23,5.704674112995844,5.577545879812883,2.1735257438090017,4.5023528096511
Kendal,Jawa Tengah,110.14755018663706,-7.007171095999951,7173.83,7501.9,17059.21,17959.16,42.05253349949968,41.771998244906776,4.573149907371654,5.275449449300407
Siau Tagulandang Biaro,Sulawesi Utara,125.41783980198653,2.3563335745000415,8.94,9.19,931.58,979.61,0.9596599325876467,0.9381284388685293,2.796420581655479,5.155756886150398
Kepahiang,Bengkulu,102.66126219599087,-3.634482342999945,116.79,126.77,1792.88,1932.36,6.514100218642631,6.560371773375562,8.545252162000171,7.779661773236346
Kepulauan Anambas,Kepulauan Riau,105.75599396565919,2.938268880000038,7.29,7.39,4902.5,5787.91,0.1486996430392657,0.12767993973645064,1.3717421124828544,18.060377358490555
Kepulauan Aru,Maluku,134.51576888342757,-6.150803951843894,44.49,45.96,1317.97,1347.31,3.375645879648247,3.4112416593063215,3.304113283884025,2.2261508228563542
Kepulauan Mentawai,Sumatera Barat,98.88772718769702,-1.3438556009999445,44.84,44.48,1712.27,1760.55,2.6187458753584423,2.5264832012723297,-0.8028545941124121,2.819648770345795
Kepulauan Meranti,Riau,102.72448667391608,0.8396103285000435,1978.13,1934.67,7789.34,7718.14,25.395348001242724,25.066531573669305,-2.19702446249741,-0.9140697414671828
Kepulauan Sangihe,Sulawesi Utara,125.55324463749437,3.551599968000062,86.08,88.44,1708.87,1845.29,5.037246835628222,4.7927426041435215,2.7416356877323356,7.983053128675688
Kepulauan Selayar,Sulawesi Selatan,120.9244443317844,-7.290656362499931,71.95,73.87,2305.3,2457.57,3.121068841365549,3.005814686865481,2.668519805420444,6.605214071921228
Kepulauan Sula,Maluku Utara,125.8384765657369,-1.860710900999976,72.34,82.2,940.88,1011.87,7.688546892271066,8.12357318627887,13.630080176942204,7.545064195221496
Kepulauan Talaud,Sulawesi Utara,126.81591983731659,4.260426539000065,16.0,16.85,852.47,927.03,1.8768988938027142,1.81763265482239,5.312500000000009,8.746348845120643
Maluku Tenggara Barat,Maluku,131.4249641951279,-7.562257564499959,18.19,18.44,992.62,1028.48,1.8325240273216339,1.7929371499688862,1.374381528312263,3.6126614414378144
Kepulauan Yapen,Papua,136.3700897124333,-1.7572537309999636,53.91,54.4,1432.37,1481.83,3.763692342062456,3.671136365170094,0.9089222778705386,3.4530184240105566
Kerinci,Jambi,101.60054313347086,-2.0557649489999505,112.51,122.45,3980.19,4241.72,2.826749476783772,2.8868006374772497,8.834770242645096,6.570791846620394
Ketapang,Kalimantan Barat,110.46596389234035,-1.6745905439999547,1779.74,1954.46,12126.18,12710.24,14.676839697250083,15.377050315336296,9.817164304898473,4.816520948889091
Klaten,Jawa Tengah,110.62929888193725,-7.665383932499964,5874.21,6117.43,15285.57,15805.64,38.42977396328695,38.70409550008731,4.1404716549118925,3.402359218530937
Klungkung,Bali,115.5314287481037,-8.742541504712602,292.5,317.13,3067.94,3291.66,9.534084760458157,9.634348626528864,8.420512820512815,7.292189547383576
Kolaka Timur,Sulawesi Tenggara,121.75490788007814,-3.825655169499953,55.03,55.81,1629.4,1730.62,3.3773168037314347,3.2248558320139606,1.4174086861711732,6.212102614459303
Kolaka Utara,Sulawesi Tenggara,121.09839546436277,-3.2597941339999466,32.93,33.66,3248.61,3525.02,1.013664305656881,0.954888199215891,2.2168235651381707,8.508562123492801
Konawe,Sulawesi Tenggara,121.64934088643702,-3.511131614499959,3762.09,3930.32,6580.47,7059.55,57.17053645104377,55.67380357104915,4.471716519275182,7.280331040184063
Konawe Selatan,Sulawesi Tenggara,122.45348270021165,-4.262371856499925,105.3,108.97,4868.77,5230.28,2.162763901354962,2.0834448633725153,3.4852801519468235,7.425078613284253
Konawe Utara,Sulawesi Tenggara,121.97601589839124,-3.4535544679999646,12.74,12.89,1603.21,1674.3,0.7946557219578222,0.769873977184495,1.1773940345368938,4.4342288284130005
Kota Jakarta Barat,Daerah Khusus Ibukota Jakarta,106.75728762634404,-6.1533085,9101.83,9224.76,175753.31,180687.11,5.1787531057025324,5.10537802060147,1.3506075151920038,2.807230202378541
Kota Jakarta Pusat,Daerah Khusus Ibukota Jakarta,106.84159430837437,-6.1756150000000005,2073.19,2092.26,258378.66,266784.23,0.8023843764806273,0.7842517528116263,0.9198385097362038,3.2531982323927178
Kota Jakarta Selatan,Daerah Khusus Ibukota Jakarta,106.81021049437086,-6.295181500999989,3322.32,3460.05,238621.95,245241.23,1.3922943802948555,1.410876140198775,4.145597052661998,2.7739610710582063
Kota Jakarta Timur,Daerah Khusus Ibukota Jakarta,106.87940334053035,-6.27056572049999,45818.57,46684.84,176031.59,180489.66,26.028606569991215,25.865659007834573,1.8906526327644002,2.532539756074459
Kota Jakarta Utara,Daerah Khusus Ibukota Jakarta,106.90158208512747,-6.139829499999999,53306.95,53872.98,185775.88,191159.82,28.694225536705844,28.18216715207202,1.0618315247824306,2.898083432574783
Kota Ambon,Maluku,128.23742200213098,-3.6903967904999604,192.39,194.9,5492.7,5654.24,3.5026489704516903,3.44697076883896,1.304641613389479,2.9409944107633867
Kota Balikpapan,Kalimantan Timur,116.89652859610221,-1.1672980079999604,20858.46,23983.35,43830.27,47561.47,47.589166117388736,50.42600659735705,14.981403229193324,8.512838273640577
Kota Banda Aceh,Aceh,95.33281164329885,5.565122509000048,158.13,158.83,7062.06,7433.09,2.239148350481304,2.136796406339759,0.4426737494466648,5.253849443363556
Kota Bandar Lampung,Lampung,105.26447676038916,-5.424603082999937,4332.55,4648.57,22346.62,23647.27,19.38794323257835,19.657956288400307,7.2940877774059,5.820343300239594
Kota Bandung,Jawa Barat,107.62537894670584,-6.901823777999965,17851.92,18770.51,106014.49,109715.49,16.83913208468012,17.10834996954395,5.145608987716721,3.4910322164451335
Kota Banjar,Jawa Barat,108.55884032601168,-7.391345914499965,167.63,165.29,1528.56,1551.77,10.966530590882922,10.65170740509225,-1.3959315158384555,1.518422567645361
Kota Banjar Baru,Kalimantan Selatan,114.78673126427532,-3.4736111109999857,267.52,283.8,3996.54,4252.76,6.693790128461119,6.673313330637046,6.085526315789491,6.411045554404571
Kota Banjarmasin,Kalimantan Selatan,114.59633396641091,-3.330844719999959,2007.54,2158.32,12604.23,13252.2,15.927510050197432,16.286503373024857,7.510684718610849,5.140893176338435
Kota Batam,Kepulauan Riau,104.03590336255206,1.0875030020000627,38277.68,41209.23,66989.96,71991.29,57.13942805757758,57.24196635454095,7.658640753567103,7.465790396053351
Kota Batu,Jawa Timur,112.53230012368074,-7.847570563499971,420.32,425.09,6130.36,6520.78,6.856367325899295,6.5190053950601,1.1348496383707607,6.368630879752568
Kota Bekasi,Jawa Barat,106.96981285501501,-6.285035402499943,11830.4,12239.72,36578.34,38367.87,32.34263774681957,31.90096296719103,3.4598999188531154,4.892321521425003
Kota Bengkulu,Bengkulu,102.33365030250155,-3.8615911689999507,267.05,283.52,9303.36,10276.29,2.8704683039246035,2.7589723528627546,6.167384384946617,10.457834588793723
Kota Bima,Nusa Tenggara Barat,118.76605400504937,-8.42276455849995,46.9,48.77,1455.66,1508.98,3.2219062143632438,3.2319845193441927,3.9872068230277335,3.662943269719565
Kota Binjai,Sumatera Utara,98.49486163825338,3.6010970365000503,485.01,506.21,4303.32,4534.55,11.270600373664985,11.163400998996591,4.371043896002136,5.373293178290273
Kota Bitung,Sulawesi Utara,125.15363151657678,1.4963258830000545,2848.31,2887.51,6997.11,7342.19,40.7069490118063,39.327639301080474,1.376254691378409,4.931750394091283
Kota Blitar,Jawa Timur,112.1627544915369,-8.113843028499957,261.0,274.16,2550.18,2660.72,10.234571677293367,10.303977870651556,5.042145593869751,4.334595989302725
Kota Bogor,Jawa Barat,106.79876175837722,-6.5964397754999595,2980.08,3006.33,17340.62,17835.34,17.185544692173636,16.85602853660205,0.8808488362728628,2.852954507970318
Kota Bukittinggi,Sumatera Barat,100.377768324715,-0.30364235649994953,182.85,183.97,3280.67,3401.29,5.573556621056064,5.408830179137915,0.6125239267158911,3.6766879936110497
Kota Cilegon,Banten,106.02626325844253,-5.975887278999949,22519.15,22521.63,39136.34,40262.34,57.54025542500909,55.93721080294887,0.011012849064018226,2.877121365973423
Kota Cimahi,Jawa Barat,107.54665426514592,-6.85900677449996,5229.79,5409.24,12206.43,12868.61,42.844549962601675,42.0343766731605,3.4313041250222165,5.424845757522889
Kota Cirebon,Jawa Barat,108.5496979330191,-6.749633356499942,905.51,948.02,8718.8,9115.07,10.38571821810341,10.400578382831947,4.694591997879649,4.545006193512879
Kota Denpasar,Bali,115.21790645096466,-8.674797251999962,1206.82,1281.82,18013.23,19635.29,6.699631326530556,6.528143969353138,6.214679902553821,9.004825897409852
Kota Depok,Jawa Barat,106.81335890710034,-6.384079163999957,7368.91,7653.68,26366.85,27504.1,27.947631211160985,27.827414821790207,3.864479278482169,4.31318113464445
Kota Dumai,Riau,101.22653494245337,1.8831219320000514,9590.04,9118.67,15586.33,15626.26,61.528531732614425,58.35478227035772,-4.915203690495562,0.256186029681138
Kota Gorontalo,Gorontalo,123.04417911019837,0.537430332500037,184.7,189.46,3191.62,3274.33,5.787029784247498,5.786221914101511,2.577152138603145,2.59147392233412
Kota Gunungsitoli,Sumatera Utara,97.54963234655894,1.3126174900000285,3.85,3.91,1969.04,2036.4,0.1955267541543087,0.19200549990178747,1.558441558441559,3.420956405151765
Kota Jambi,Jambi,103.60863920603376,-1.6266533884999603,1244.61,1300.71,11998.5,12942.42,10.373046630828853,10.049975197837808,4.5074360643093225,7.866983372921621
Kota Jayapura,Papua,140.81127412654726,-2.669642366499943,270.35,271.0,11056.3,11393.2,2.4452122319401615,2.378611803531931,0.24042907342334274,3.047131499687983
Kota Kediri,Jawa Timur,112.016545687948,-7.827523535499978,35238.1,35459.39,45198.23,45630.47,77.96345122364305,77.70989428774237,0.6279850502722839,0.9563206346797193
Kota Kotamobagu,Sulawesi Utara,124.31589256029437,0.7105248265000625,63.7,67.15,1426.04,1524.05,4.466915374042804,4.406023424428333,5.416012558869698,6.8728787411292735
Kota Kupang,Nusa Tenggara Timur,123.59066609415149,-10.204961002999964,154.68,157.12,8481.09,9132.66,1.8238221738007734,1.7204188045980033,1.5774502198086404,7.6826209838593895
Kota Langsa,Aceh,97.97669444723326,4.488303321500041,196.94,193.33,2025.23,2101.38,9.724327607234734,9.200144666837982,-1.8330455976439453,3.7600667578497227
Kota Lhokseumawe,Aceh,97.11484121468709,5.158971887000064,558.1,564.68,3277.76,3427.88,17.026872010153273,16.4731554196763,1.1790001791793348,4.579957043834804
Kota Lubuklinggau,Sumatera Selatan,102.85944824521107,-3.248070862499958,181.7,189.89,2436.52,2538.65,7.457357214387733,7.479959821164791,4.507429829389098,4.191633969760145
Kota Madiun,Jawa Timur,111.52379336712937,-7.6212412139999515,713.5,753.28,5250.76,5422.11,13.588509092017157,13.892746550697055,5.575332866152771,3.263337116912579
Kota Magelang,Jawa Tengah,110.22103947974443,-7.463478278999958,537.72,557.29,3317.01,3473.03,16.210985194497454,16.04621900761007,3.6394406010562985,4.703633694200504
Kota Makassar,Sulawesi Selatan,119.46897781357997,-5.1365475614999525,13257.09,13855.45,65888.26,72453.6,20.120564725794853,19.123204368036923,4.513509374983493,9.96435480311668
Kota Malang,Jawa Timur,112.64241309418921,-7.99736840999995,7501.25,7915.78,27853.17,29028.13,26.931404935237175,27.269341841861667,5.526145642392932,4.218406737904523
Kota Manado,Sulawesi Utara,124.88011880039863,1.503007943000057,591.32,623.35,14544.74,15573.12,4.065524718901817,4.002730345621173,5.416694852195092,7.070459836339471
Kota Mataram,Nusa Tenggara Barat,116.11407716176316,-8.579582739499955,698.88,715.65,6845.68,7026.19,10.209066155590095,10.18546324537196,2.3995535714285587,2.636845426604806
Kota Medan,Sumatera Utara,98.6791316023681,3.6393006240000436,12611.35,13795.26,91445.67,98029.51,13.791084914135354,14.072558355132042,9.387654771297282,7.19972853826758
Kota Metro,Lampung,105.31001824335279,-5.121057677499948,393.87,434.16,2370.5,2507.53,16.615481965829996,17.314249480564538,10.229263462563786,5.780636996414268
Kota Mojokerto,Jawa Timur,112.43834204878624,-7.470890897999965,233.85,233.89,2401.44,2469.24,9.737907255646611,9.472145275469375,0.017104981825943888,2.823306016390159
Kota Padang,Sumatera Barat,100.4455788002974,-0.933758405999953,2601.87,2568.92,23523.06,24215.37,11.060933398971052,10.60863410305108,-1.2663968607193987,2.9431119930825256
Kota Padang Panjang,Sumatera Barat,100.40531012988197,-0.46789692949994355,118.83,116.37,1349.68,1395.92,8.804309169580938,8.336437618201616,-2.070184296894717,3.4259972734277833
Kota Padangsidimpuan,Sumatera Utara,99.28376898229652,1.3860560445000374,101.4,100.45,2379.7,2435.06,4.261041307727866,4.125155026980855,-0.9368836291913207,2.326343656763452
Kota Pagar Alam,Sumatera Selatan,103.26978032063255,-4.141048451499955,21.2,20.8,1071.16,1126.67,1.9791627768027182,1.8461483841763782,-1.8867924528301772,5.182232346241467
Kota Palangka Raya,Kalimantan Tengah,113.71264172353301,-1.9639251874999388,686.14,713.76,7168.7,7582.27,9.571330924714383,9.413539744693871,4.025417553269017,5.769107369537019
Kota Palembang,Sumatera Selatan,104.74162956840786,-2.9790571469999634,18607.6,19587.42,59304.06,61790.48,31.376603895247644,31.699737564751068,5.265697886884935,4.1926640435747675
Kota Palu,Sulawesi Tengah,119.90705925036178,-0.806999984999948,545.96,563.96,9003.01,9708.19,6.06419408620006,5.8091158084050685,3.2969448311231497,7.832713725742835
Kota Pangkal Pinang,Kepulauan Bangka Belitung,106.10445636006227,-2.1043104699999446,517.69,550.25,5181.56,5599.54,9.991006569450127,9.82670005036128,6.289478259189862,8.066682620677934
Kota Parepare,Sulawesi Selatan,119.66480277023106,-4.02987179349995,56.97,60.5,2590.6,2896.46,2.19910445456651,2.088756620150114,6.19624363700193,11.806531305489077
Kota Pariaman,Sumatera Barat,100.13433318731127,-0.6039298234999535,136.8,137.04,1937.87,1990.54,7.059297063270499,6.884563987661639,0.1754385964912064,2.717932575456561
Kota Pasuruan,Jawa Timur,112.90953903632678,-7.641675604999932,628.94,624.97,3126.62,3180.49,20.115652045979367,19.65011680590098,-0.631220784176556,1.722946824366245
Kota Payakumbuh,Sumatera Barat,100.63899005896455,-0.23130168249997451,127.84,125.69,2567.48,2627.34,4.979201395921293,4.783925947916904,-1.6817897371714685,2.331468989047636
Kota Pekalongan,Jawa Tengah,109.67447041660324,-6.902221736999962,837.49,862.71,4163.39,4330.62,20.11557889124007,19.921166022417115,3.0113792403491324,4.0166787161423745
Kota Pekanbaru,Riau,101.48393416510204,0.549902924000029,10399.18,10335.43,48989.43,51163.02,21.22739537896236,20.200977190165865,-0.6130291042178326,4.43685505220206
Kota Pematang Siantar,Sumatera Utara,99.06150106722652,2.9540643860000557,826.75,866.21,4820.75,5000.49,17.149821085930615,17.322502394765316,4.772905957060791,3.7284654877353107
Kota Pontianak,Kalimantan Barat,109.33187535908796,-0.041602053999951996,2162.3,2433.73,14237.96,15173.59,15.18686665786391,16.039249775432182,12.552837256624883,6.571376798361572
Kota Prabumulih,Sumatera Selatan,104.23691075908934,-3.429101143499963,319.25,331.84,2934.15,3037.65,10.880493498969036,10.92423419419617,3.9436178543461153,3.527427023158336
Kota Probolinggo,Jawa Timur,113.20708365654167,-7.78117226699996,641.82,654.92,4252.53,4450.67,15.092662485626207,14.715087840707127,2.041070705182113,4.659343967003182
Kota Sabang,Aceh,95.33630974994443,5.839823038000048,13.09,13.51,497.41,524.72,2.6316318529985323,2.5747065101387405,3.208556149732611,5.49044048169518
Kota Salatiga,Jawa Tengah,110.49522095153156,-7.3297850619999565,1671.41,1713.78,5127.12,5332.81,32.599393031565484,32.13652839684894,2.5349854314620446,4.011803897704769
Kota Samarinda,Kalimantan Timur,117.16353602364501,-0.523449462999963,2015.45,2060.56,27979.09,29144.5,7.203415121792739,7.070150457204619,2.2382098290704366,4.165289149861562
Kota Sawah Lunto,Sumatera Barat,100.75068986096208,-0.6496464769999759,161.8,156.41,1443.95,1493.71,11.20537414730427,10.471242744575585,-3.33127317676144,3.446102704387277
Kota Semarang,Jawa Tengah,110.3835003248849,-7.037056673999956,21139.51,22072.22,75346.41,78781.91,28.056426311485836,28.01686326213721,4.412164709588828,4.559606754986745
Kota Serang,Banten,106.16752988232237,-6.094643519499954,553.64,574.7,12082.76,12439.54,4.582065686978803,4.619945753621114,3.8039159020302193,2.9528021743376653
Kota Sibolga,Sumatera Utara,98.79237675055376,1.743971381000051,99.26,104.32,1957.58,2065.83,5.070546286741793,5.049786284447413,5.097723151319755,5.5297867775518705
Kota Singkawang,Kalimantan Barat,109.03602999705379,0.8851801965000445,562.87,586.02,4053.51,4085.54,13.885990166547016,14.343758719777558,4.112850214081409,0.7901793754055086
Kota Solok,Sumatera Barat,100.6361251953667,-0.7835745000000001,69.13,69.59,1543.54,1600.99,4.4786659237855835,4.346685488354081,0.6654129900188099,3.721963797504446
Kota Sorong,Papua Barat Daya,131.30614273717617,-0.863090059999962,259.46,258.53,4710.85,4657.39,5.507710922657269,5.550963093062852,-0.3584367532567634,-1.134827048197251
Kota Subulussalam,Aceh,97.9392317002879,2.7230507025000463,145.96,154.82,757.31,798.46,19.273481137182927,19.3898254139218,6.070156207180033,5.433706144115358
Kota Sukabumi,Jawa Barat,106.93067693338388,-6.9331333669999715,227.19,232.87,4301.12,4490.88,5.282112566029314,5.185397962092062,2.500110040054593,4.411874116509185
Kota Sungai Penuh,Jambi,101.33747450340456,-2.1451388884999574,19.31,20.93,2936.01,3058.16,0.6576953075772902,0.6843984618201795,8.389435525634381,4.160408172996677
Kota Surabaya,Jawa Timur,112.73376945013794,-7.26912536149996,42303.91,43549.34,218329.06,224759.93,19.376215882576513,19.37593591526746,2.944006830574275,2.945494291964623
Kota Surakarta,Jawa Tengah,110.8165510058983,-7.56131535749995,1511.96,1532.26,17764.42,18504.31,8.511170080419175,8.280557340425014,1.3426281118548156,4.165010734940977
Kota Tangerang,Banten,106.63677115902397,-6.178667329499945,17265.68,18112.01,63839.01,65539.18,27.04565750628025,27.63539305801507,4.901805199679354,2.663214858751717
Kota Tangerang Selatan,Banten,106.7104993871522,-6.295529129499954,2540.97,2552.19,31279.27,32101.21,8.123495209447022,7.950447973767967,0.44156365482475035,2.627746747286608
Kota Tanjung Pinang,Kepulauan Riau,104.49373032958378,0.91358654900003,436.86,408.44,6950.16,7237.7,6.285610690976899,5.64322920264725,-6.505516641486975,4.137170942827217
Kota Tanjung Balai,Sumatera Utara,99.79642084565452,2.972683637000046,762.15,771.15,3446.64,3576.44,22.112840331453242,21.5619442797866,1.1808699074985274,3.7659865840354634
Kota Tarakan,Kalimantan Utara,117.59576614796822,3.353483826500053,1615.18,1728.9,15450.12,16202.5,10.454158284854746,10.670575528467829,7.040701345980005,4.869735639593742
Kota Tasikmalaya,Jawa Barat,108.22483880855518,-7.355763483499942,1061.46,1097.04,8496.59,8841.12,12.492776513872036,12.408382648352244,3.3519868859872126,4.054920856484778
Kota Tebing Tinggi,Sumatera Utara,99.15733653356413,3.3218718480000575,228.41,236.84,2146.42,2207.3,10.641440165484854,10.729850949123362,3.6907315791778084,2.836350760801709
Kota Tegal,Jawa Tengah,109.12153726188492,-6.866229588999943,1012.27,1073.34,5887.02,6124.42,17.194947528630784,17.525577932277667,6.032975391940876,4.032600534735731
Kota Ternate,Maluku Utara,127.3435839630634,0.8098821800000451,95.75,96.34,4396.15,4518.16,2.1780421505180674,2.1322839385944725,0.6161879895561384,2.775383005584442
Kota Tidore Kepulauan,Maluku Utara,127.70990296640109,0.3848149265000415,24.65,24.86,1091.11,1137.86,2.25916727002777,2.184803051341993,0.8519269776876337,4.2846275810871415
Kota Tomohon,Sulawesi Utara,124.8046202317894,1.319786330000056,116.0,120.16,1596.87,1724.17,7.2642106120097445,6.969150373803047,3.5862068965517135,7.971844921627946
Kota Tual,Maluku,132.71932724325572,-5.5400241369999605,15.91,16.13,935.99,967.32,1.6998044850906526,1.6674936939172145,1.3827781269641681,3.3472579835254646
Kota Yogyakarta,Daerah Istimewa Yogyakarta,110.37562904959077,-7.807034167999973,1665.71,1685.13,13730.18,14134.7,12.131741899960526,11.921936793847765,1.1658692089259182,2.9462104648300347
Kota Baru,Kalimantan Selatan,115.84922925350905,-2.8085477019999416,3032.24,3142.99,10147.71,10955.78,29.881027345085737,28.687961970758813,3.6524153760916,7.963077383961514
Kotawaringin Barat,Kalimantan Tengah,111.65358216848995,-2.5027752099999536,2420.26,2667.27,8829.92,9504.81,27.40976135684129,28.062317921136774,10.205928288696242,7.64321760559552
Kotawaringin Timur,Kalimantan Tengah,112.78776218934807,-2.2318750189999434,2416.4,2682.46,10540.17,11448.69,22.925626436765253,23.43027892274138,11.01059427247144,8.619595319620089
Kuantan Singingi,Riau,101.48064829249229,-0.4516230589999565,4142.5,4332.87,14685.73,16145.08,28.20765464161468,26.837092166777744,4.595534097767051,9.937197538018205
Kudus,Jawa Tengah,110.87457512538498,-6.8137843704999455,25790.55,26290.02,34187.2,34884.08,75.43919946646699,75.3639482537593,1.936639583103128,2.038423737539219
Kulon Progo,Daerah Istimewa Yogyakarta,110.14224649605282,-7.824644693499948,494.43,491.01,4729.19,4748.95,10.454855905556766,10.339338169490098,-0.691705600388326,0.4178305375762026
Kuningan,Jawa Barat,108.55228742529711,-6.990663388499969,242.5,259.45,11439.37,12206.91,2.1198719859572686,2.1254355115258488,6.9896907216494775,6.709635233408817
Kupang,Nusa Tenggara Timur,123.87973155400422,-9.831241510999973,58.33,59.23,2760.98,3008.09,2.112655651254265,1.9690235332054558,1.5429453111606373,8.95008294156423
Kutai Barat,Kalimantan Timur,115.7439511813815,-0.41833262999996546,727.9,797.55,10485.45,11389.47,6.942000581758531,7.002520749429078,9.568622063470244,8.621661445145401
Kutai Kartanegara,Kalimantan Timur,116.15115371067863,0.1974115780000435,3277.46,3523.61,54915.0,58735.63,5.968241828280069,5.9991013972268625,7.510389142811813,6.957352271692607
Kutai Timur,Kalimantan Timur,117.01051327398997,0.9431122960000665,2085.08,2429.48,38871.11,42901.08,5.3640865928449175,5.662980978567439,16.517351852207106,10.367519733807452
Labuhan Batu,Sumatera Utara,100.18988291517024,2.261095222500046,4529.15,4789.69,14018.63,14917.19,32.30807860682535,32.108527142176236,5.752514268681752,6.409756160195412
Labuhan Batu Selatan,Sumatera Utara,100.08001315806871,1.855126433500061,4847.54,5202.99,11847.43,12632.31,40.916384397291225,41.187953747176884,7.33258518753841,6.624896707555972
Labuhan Batu Utara,Sumatera Utara,99.77077016637618,2.434219602500036,2712.53,2912.13,10183.03,10814.39,26.637749275019324,26.92828721730953,7.358443961910099,6.200119217953781
Lahat,Sumatera Selatan,103.41703391788377,-3.8773810349999565,370.17,380.95,7704.83,9178.03,4.8043889352523035,4.15067285681132,2.9121754869384286,19.12047378073236
Lamandau,Kalimantan Tengah,111.4053402618816,-1.7964032859999577,338.73,385.83,2160.14,2377.2,15.680928087994298,16.230439172135284,13.904879992914697,10.048422787411916
Lamongan,Jawa Timur,112.32409301005598,-7.1217497959999605,1903.75,1992.26,14991.3,16157.08,12.699032105287733,12.330569632631638,4.649244911359163,7.776376965306553
Lampung Barat,Lampung,104.29966322913876,-5.113083836499953,157.28,172.03,2694.91,2926.8,5.8361874793592365,5.877750444171108,9.37817904374365,8.604740046977465
Lampung Selatan,Lampung,105.50767971871818,-5.529214703999969,4061.59,4391.76,16643.13,18650.17,24.40400333350758,23.548096344430107,8.129082452931002,12.059270101236951
Lampung Tengah,Lampung,105.32601995532755,-4.874536087499962,6169.71,6783.36,26522.67,29976.79,23.262024524680207,22.628707076374756,9.946172510539398,13.02327405197139
Lampung Timur,Lampung,105.59905806209863,-5.120282144499953,1402.52,1618.82,15465.51,18131.86,9.068695439077016,8.92804157984895,15.422239968057493,17.24062122749266
Lampung Utara,Lampung,104.85383803043662,-4.814003041499944,1147.07,1341.73,8616.79,9649.1,13.31203383162407,13.905234685100165,16.970193623754447,11.980215370224867
Landak,Kalimantan Barat,109.70888511861972,0.5084420610000395,430.44,492.52,4373.0,4347.66,9.843128287217013,11.328392744602844,14.42245144503298,-0.5794648982392014
Langkat,Sumatera Utara,98.18602556976435,3.7681975030000388,2461.97,2625.91,17536.9,18581.58,14.038798191242464,14.131790730389987,6.658895112450591,5.957039157433752
Lanny Jaya,Papua Pegunungan,138.34679454510578,-3.989715298499931,0.37,0.41,688.2,745.32,0.053763440860215055,0.05500992862126334,10.81081081081081,8.299912816041854
Lebak,Banten,106.18469979200862,-6.631049023499983,1006.38,1030.31,10960.36,10646.37,9.181997671609327,9.67757085278832,2.377829448120994,-2.8647781642208825
Lebong,Bengkulu,102.21432736764191,-3.054503404499968,65.75,72.69,1297.82,1378.03,5.0661879151192,5.274921445832093,10.5551330798479,6.18036399500701
Lembata,Nusa Tenggara Timur,123.54578587367291,-8.379258383999968,1.54,1.58,639.2,691.44,0.24092615769712142,0.22850861969223646,2.5974025974025983,8.172715894868588
Lima Puluh Kota,Sumatera Barat,100.58063752184827,0.0141538545000515,409.7,413.21,6040.36,6161.13,6.78270831539842,6.7067242535054445,0.8567244325115908,1.9993841426670045
Lingga,Kepulauan Riau,104.41510517759842,-0.510612970499949,9.63,9.34,1514.31,1585.45,0.6359331972977792,0.5891071935412658,-3.011422637590866,4.697849185437608
Lombok Barat,Nusa Tenggara Barat,116.12786064651041,-8.64781998549995,245.95,246.43,5420.84,5550.14,4.537119708384678,4.440068178460363,0.19516161821508948,2.3852391880225143
Lombok Tengah,Nusa Tenggara Barat,116.27924659920043,-8.678870269999976,192.51,213.81,6248.31,6407.56,3.0809931005343842,3.3368396082127987,11.064360292971799,2.548689165550355
Lombok Timur,Nusa Tenggara Barat,116.51146278407444,-8.58340264949996,262.99,309.6,7115.2,7241.74,3.6961715763436027,4.275215624974109,17.7231073424845,1.7784461434675158
Lombok Utara,Nusa Tenggara Barat,116.30354809165604,-8.351533422499955,22.58,23.02,1613.47,1762.99,1.3994682268650795,1.3057362775738943,1.9486271036315284,9.26698358196929
Lumajang,Jawa Timur,113.14741623849193,-8.132144138999962,2905.98,2987.77,11822.66,12928.91,24.57974770483123,23.10921802379319,2.814541049835162,9.357031327975252
Luwu Timur,Sulawesi Selatan,121.08629569954692,-2.512748371499953,297.45,343.73,7607.01,9047.74,3.9102091360468827,3.7990702650606676,15.558917465120192,18.93950448336468
Luwu Utara,Sulawesi Selatan,120.13816289422749,-2.4408384949999515,228.3,267.07,5503.38,5955.31,4.148359735289949,4.48456923317174,16.98204117389399,8.211862528119095
Madiun,Jawa Timur,111.67455112451896,-7.60812229849995,1111.91,1145.63,6869.89,7468.88,16.185266430757988,15.338712096057241,3.0326195465460337,8.71906245951537
Magelang,Jawa Tengah,110.2205201768816,-7.5198099914999545,3023.24,3222.85,12365.45,12856.11,24.44909000481179,25.068624957316015,6.602519151638653,3.96799146007627
Magetan,Jawa Timur,111.33789111755735,-7.646818218999954,866.05,896.26,6840.74,7054.34,12.660180039001629,12.70508651411755,3.48825125570118,3.12246920654784
Mahakam Ulu,Kalimantan Timur,115.31001715880677,0.6255623250000331,5.03,5.26,1064.91,1117.57,0.47234038557248964,0.470664029993647,4.572564612326024,4.945018827882164
Majalengka,Jawa Barat,108.28051460416216,-6.810616037499955,3958.27,4063.57,13493.74,14687.75,29.33412085900573,27.66638865721435,2.660253090365239,8.848621657153611
Malaka,Nusa Tenggara Timur,124.8769386679582,-9.544042835999932,21.02,23.49,1020.95,1120.92,2.0588667417601254,2.0956000428219674,11.750713606089436,9.791860522062779
Malang,Jawa Timur,112.68341759121819,-8.088008428999956,13065.14,13655.87,38998.58,40609.66,33.501578775432336,33.62714684141655,4.521421125223313,4.131124774286654
Malinau,Kalimantan Utara,115.69857318375072,2.621405595000056,103.99,102.83,4648.58,4743.59,2.237027221215941,2.1677674503909485,-1.115491874218677,2.0438499498771634
Maluku Barat Daya,Maluku,126.23895099926199,-7.79181492449996,262.41,280.1,856.74,885.53,30.62889558092304,31.63077479023862,6.741358942113496,3.3604127273151763
Maluku Tengah,Maluku,129.46511403706322,-3.1319424494999453,361.88,363.61,3173.32,3236.64,11.403829427854738,11.234181126106087,0.47805902509119313,1.9953865352375422
Maluku Tenggara,Maluku,132.72278011881076,-5.771648853499954,16.8,17.1,1214.94,1250.01,1.3827843350288904,1.3679890560875514,1.7857142857142794,2.886562299372808
Mamasa,Sulawesi Barat,119.32385350583951,-3.006120366999966,58.62,60.75,1046.42,1083.73,5.601957149137057,5.605639781126295,3.63357215967246,3.5654899562317155
Mamberamo Raya,Papua,137.7250757598654,-2.443052866999949,1.69,1.75,630.07,642.81,0.268224165568905,0.2722421866492432,3.5502958579881616,2.021997555827104
Mamberamo Tengah,Papua Pegunungan,139.07475829303604,-3.549863017499945,0.32,0.33,428.71,442.13,0.07464253224790651,0.07463868093094791,3.125,3.1303211961465793
Mamuju Tengah,Sulawesi Barat,119.52885075408165,-2.038893353499958,114.63,124.26,1315.58,1432.48,8.71326715213062,8.674466659220373,8.400942161737767,8.885814621687782
Mandailing Natal,Sumatera Utara,99.44183743962955,0.7667147995000505,636.9,675.22,5719.44,6019.3,11.135705593554613,11.217583439934877,6.016643115088716,5.2428209754801225
Manggarai,Nusa Tenggara Timur,120.44119525944501,-8.540434512999951,7.94,8.42,1580.78,1746.48,0.5022836827389011,0.4821125921854244,6.045340050377823,10.482167031465472
Manggarai Barat,Nusa Tenggara Timur,120.06308360813213,-8.57724909649994,8.65,8.87,1268.94,1432.7,0.6816713162166848,0.619110769875061,2.543352601156057,12.905259507935751
Manggarai Timur,Nusa Tenggara Timur,120.6963031657423,-8.59574371949995,7.66,7.99,1163.75,1301.77,0.6582169709989258,0.6137796999469953,4.308093994778073,11.859935553168643
Manokwari,Papua Barat,133.75754778519456,-0.981473354999963,149.47,151.87,3177.01,3263.62,4.704738102807356,4.653421660609998,1.6056733792734423,2.726148170764331
Manokwari Selatan,Papua Barat,134.07252378420048,-1.527832443999955,2.83,2.85,272.68,272.8,1.037846560070412,1.0447214076246334,0.7067137809187329,0.044007627988862374
Mappi,Papua Selatan,139.28839705986877,-6.3294680554999445,5.39,5.45,1068.11,1117.97,0.5046296729737574,0.4874907197867564,1.1131725417439897,4.668058533297148
Maros,Sulawesi Selatan,119.69327718010007,-4.975114947999941,1135.63,1135.29,7609.72,8001.18,14.923413739270302,14.189032117762629,-0.029939328830708156,5.144210299459107
Maybrat,Papua Barat Daya,132.5667192599024,-1.423361685499941,0.92,0.96,231.33,234.59,0.39770025504690265,0.40922460462935334,4.347826086956519,1.4092422081009692
Melawi,Kalimantan Barat,111.65888103366622,-0.724454269999967,130.06,146.85,2044.52,2109.02,6.361395339737444,6.962949616409516,12.909426418576043,3.154774714847486
Mempawah,Kalimantan Barat,109.11394169895311,0.35780786300006195,964.86,1110.51,3604.96,3750.5,26.764790732768184,29.609652046393816,15.095454262794593,4.037215392126403
Merangin,Jambi,102.11683268537075,-2.2062701894999464,529.67,565.19,7065.01,7462.25,7.497087760668419,7.573989078361085,6.7060622651839985,5.622638892230869
Merauke,Papua Selatan,139.99567435525887,-7.8795692874999474,197.71,201.93,5642.83,5861.18,3.5037383724124247,3.4452106913624903,2.134439330332305,3.869512283729981
Mesuji,Lampung,105.37013076690482,-3.9713562729999694,973.25,1086.42,3862.56,4320.42,25.197019593223146,25.146166344938685,11.628050346776275,11.853796445880448
Mimika,Papua Tengah,136.89763508149537,-4.585738525999943,39.73,42.25,37943.56,41209.54,0.10470815073756916,0.10252480372263315,6.342813994462637,8.607468566470832
Minahasa,Sulawesi Utara,124.90094220181462,1.226976433500056,557.44,565.91,6593.61,7027.58,8.454245853182098,8.052700929765296,1.5194460390355768,6.581675288650679
Minahasa Selatan,Sulawesi Utara,124.43930372094388,1.0662290130000545,508.47,543.06,3454.35,3680.38,14.719701246254724,14.755541547340217,6.802761224851017,6.543343899720644
Minahasa Tenggara,Sulawesi Utara,124.72824659172664,0.986406448500048,130.89,127.9,2013.76,2144.1,6.499781503257587,5.965206846695584,-2.2843609137443543,6.47246941045605
Minahasa Utara,Sulawesi Utara,125.00273911640281,1.5317442140000423,907.87,924.86,5631.73,6003.51,16.120623680467638,15.405321220419388,1.8714133080727446,6.6015238656682795
Mojokerto,Jawa Timur,112.49455957337086,-7.521322478499968,18925.5,19599.91,31680.45,33509.82,59.73873477175987,58.49004858874205,3.563498982853819,5.774444491792252
Morowali Utara,Sulawesi Tengah,121.15099506613353,-1.8698075719999565,4116.14,4425.1,9995.52,10681.02,41.179848572160324,41.42956384315356,7.506061504224837,6.858072416442562
Muara Enim,Sumatera Selatan,103.97399502331882,-3.8371915704999537,3485.19,3617.09,30185.38,35842.81,11.54595370341536,10.091535791976131,3.7845856323471594,18.742285172490767
Muaro Jambi,Jambi,103.77396532340836,-1.711827340999946,1496.63,1603.96,11104.92,11892.62,13.477179484408714,13.48701968111316,7.171445180171454,7.093252360215119
Mukomuko,Bengkulu,101.51976169525277,-2.679472252499977,227.52,253.4,2120.64,2383.39,10.72883657763694,10.631915045376545,11.374824191279886,12.39012750867663
Muna Barat,Sulawesi Tenggara,122.44935573656235,-4.819736781499955,33.56,31.91,945.79,982.37,3.548356400469449,3.2482669462626097,-4.9165673420739076,3.867666183825169
Murung Raya,Kalimantan Tengah,114.12513691305159,-0.0390692384999625,127.58,139.76,2948.93,3082.0,4.3263149684800934,4.534717715768981,9.546950932748066,4.512484189180488
Musi Banyuasin,Sumatera Selatan,103.71064160415494,-2.4962861019999707,3292.87,3259.7,25976.6,26908.3,12.676293279336019,12.11410605649558,-1.0073279540340208,3.586689559064693
Musi Rawas,Sumatera Selatan,103.21395995208164,-3.1666671874999395,1127.94,1158.42,7054.77,7654.86,15.988331299248593,15.133131108864173,2.7022713974147683,8.506159662185997
Musi Rawas Utara,Sumatera Selatan,102.72247689682706,-2.7229583329999514,173.78,176.68,2568.74,2754.88,6.765184487336204,6.4133464978510855,1.6687766141098015,7.246354243714825
Nabire,Papua Tengah,135.85600133957382,-3.325508287499957,64.3,64.64,4120.33,4271.86,1.5605546157710668,1.5131582027500903,0.5287713841368724,3.6776180548645288
Nagan Raya,Aceh,96.5247066126075,4.178130461000052,160.94,164.82,3524.32,3521.16,4.566554682889181,4.680843812834406,2.4108363365229257,-0.08966268670269617
Nagekeo,Nusa Tenggara Timur,121.27282821618297,-8.674848006499957,16.13,16.91,776.62,864.82,2.0769488295434058,1.9553201822344533,4.835709857408554,11.356905565141261
Natuna,Kepulauan Riau,108.19833192809563,3.9227665710000674,51.57,52.94,6028.42,7100.95,0.8554480278414576,0.7455340482611481,2.6565832848555404,17.79122887920881
Nduga,Papua Pegunungan,138.2239546616134,-4.425206147499949,0.41,0.45,451.87,455.34,0.09073406068116935,0.09882724996705758,9.756097560975618,0.7679199769845324
Ngada,Nusa Tenggara Timur,121.00838923117749,-8.640344586499964,20.9,21.72,1218.07,1329.94,1.7158291395404206,1.6331563829947215,3.923444976076551,9.184201236382151
Nganjuk,Jawa Timur,111.94565683445337,-7.608167037999948,1725.94,1812.22,10568.1,10781.15,16.331601707023967,16.80915301243374,4.999015029491183,2.0159725967770825
Ngawi,Jawa Timur,111.39228052324084,-7.4329494284999384,773.64,788.73,7433.72,7197.21,10.407171644883045,10.9588298799118,1.9505196215293896,-3.1815833795192705
Nias,Sumatera Utara,97.72882515351515,1.08706189250006,2.84,2.91,1474.76,1532.31,0.1925737069082427,0.18990935254615582,2.464788732394374,3.9023298706230225
Nias Barat,Sumatera Utara,97.4978963948312,1.0460429225000496,1.7,1.73,699.69,719.85,0.2429647415283911,0.24032784607904423,1.764705882352935,2.881275993654331
Nias Selatan,Sumatera Utara,98.68497214488718,0.1299852795000335,4.17,4.35,2509.26,2592.53,0.16618445278687738,0.16778976521004577,4.316546762589923,3.318508245458829
Nias Utara,Sumatera Utara,97.3361956747161,1.31704,2.8,2.86,1329.88,1378.55,0.2105453123590098,0.20746436473105798,2.1428571428571352,3.65972869732607
Nunukan,Kalimantan Utara,116.98332044048342,3.90427121650001,824.85,832.63,10960.7,11597.64,7.525523004917568,7.179305444900859,0.9432017942656135,5.811125201857537
Ogan Ilir,Sumatera Selatan,104.64007798592655,-3.4173824524999645,495.46,522.88,4209.81,4443.86,11.769177231276469,11.76634727466662,5.534250999071566,5.559633332620684
Ogan Komering Ilir,Sumatera Selatan,105.38888668658251,-3.338938535999944,2845.5,3120.09,13447.22,13806.4,21.160507524975422,22.59886719202689,9.649973642593569,2.6710353515447816
Ogan Komering Ulu,Sumatera Selatan,104.01320584639902,-4.13287294099996,1097.07,1164.6,5735.71,5978.71,19.12701304633602,19.47911840514091,6.155486887801143,4.236615867957072
Ogan Komering Ulu Selatan,Sumatera Selatan,103.94212425164474,-4.5750760179999475,285.8,294.46,3391.17,3469.73,8.427769766776658,8.486539298446854,3.030090972708166,2.3166045936948043
Ogan Komering Ulu Timur,Sumatera Selatan,104.55760223767332,-4.14886226349995,612.6,643.12,5872.05,6433.54,10.43247247554091,9.996362811142854,4.982043747959519,9.56207797958124
Pacitan,Jawa Timur,111.13532791830377,-8.106889904999946,458.96,475.3,5929.95,6224.12,7.739694263863944,7.636420891628054,3.560223113125338,4.960750090641586
Padang Lawas,Sumatera Utara,99.82455178706903,1.1546742705000383,830.6,910.33,5227.1,5558.08,15.890264200034435,16.378497610685706,9.599084998796048,6.332000535669868
Padang Lawas Utara,Sumatera Utara,99.80090864660485,1.6294545450000442,901.88,987.28,4917.9,5243.33,18.338721812155594,18.829255454072126,9.469108972368833,6.6172553325606565
Pakpak Bharat,Sumatera Utara,98.255840661983,2.523886385500049,0.86,0.89,491.35,502.04,0.17502798412536885,0.1772767110190423,3.488372093023262,2.175638546860692
Pamekasan,Jawa Timur,113.49604532998657,-7.065904979999942,505.52,527.7,6720.66,6481.71,7.521880291518987,8.141370101408425,4.38756132299416,-3.555454375016742
Pandeglang,Banten,105.79818782305958,-6.550836424499948,738.53,769.44,10759.33,10321.78,6.864089120790978,7.454528191842879,4.185341150664179,-4.066703038200325
Pangandaran,Jawa Barat,108.56210448417784,-7.636335977499954,200.52,206.84,4440.56,4505.36,4.5156466751941196,4.59097608182254,3.15180530620387,1.4592754067054514
Pangkajene dan Kepulauan,Sulawesi Selatan,119.58910746789084,-4.75396443899993,4767.86,4663.7,10440.43,10993.71,45.66727615625027,42.42153012950133,-2.1846279043428285,5.299398587989179
Paniai,Papua Tengah,136.3923032112229,-3.7457203544999516,4.52,4.73,1451.65,1488.11,0.3113698205490304,0.3178528468997588,4.646017699115057,2.5116247029242533
Parigi Moutong,Sulawesi Tengah,119.96400074966604,-0.23966355449994148,157.53,160.37,6651.87,6894.16,2.3682062337357768,2.3261717163512308,1.802831206754263,3.6424343831133132
Pasaman,Sumatera Barat,100.0238641221552,0.3922755290000735,133.54,129.73,3375.76,3453.12,3.955849941939,3.7568923176721345,-2.853077729519249,2.2916321065478584
Pasaman Barat,Sumatera Barat,99.72268761337193,0.18844613300004198,781.06,812.75,6008.43,6214.96,12.999402506145529,13.07731666816842,4.057306736998445,3.437337207889568
Mamuju Utara,Sulawesi Barat,119.3853171183307,-1.333612035499954,1318.09,1431.49,4516.54,5203.46,29.183622861748148,27.510348883243076,8.603357889066764,15.208987410717057
Paser,Kalimantan Timur,116.02737453394897,-1.67607529199995,1149.82,1251.96,14636.43,16108.99,7.8558774236613695,7.7718094058038405,8.883129533318268,10.060923326248261
Pasuruan,Jawa Timur,112.81930560253572,-7.755353409499946,35781.93,36525.29,57188.69,59350.51,62.56819311650608,61.54166156280713,2.077473182693046,3.780153033755451
Pati,Jawa Tengah,111.08352642892186,-6.717620154999935,4805.78,4983.78,16843.9,17621.29,28.531278385647024,28.28271936958077,3.7038732526249563,4.615261311216523
Pegunungan Arfak,Papua Barat,133.64522099004876,-1.248958599499957,0.17,0.17,100.18,101.81,0.16969454981034138,0.1669777035654651,0.0,1.6270712717109115
Pegunungan Bintang,Papua Pegunungan,140.5610345143771,-4.534713970499951,0.56,0.57,714.2,734.34,0.0784094091290955,0.07762072064711167,1.7857142857142572,2.819938392607102
Pekalongan,Jawa Tengah,109.6229371403356,-7.049499389999966,2542.89,2707.35,8727.68,8995.26,29.135921573659896,30.09751802616044,6.467444521784271,3.065877759037905
Pelalawan,Riau,102.24138323910546,0.19949880600006498,11002.78,11068.74,22184.62,22641.4,49.59643212279499,48.887171287994555,0.5994848574632838,2.0589940237876636
Pemalang,Jawa Tengah,109.38659936778447,-7.013351837999949,2166.49,2313.73,9578.57,10265.64,22.618094350200497,22.538585027333905,6.796246463173161,7.17299137553935
Penajam Paser Utara,Kalimantan Timur,116.56981577779345,-1.19310568399996,581.7,622.49,6467.73,6759.64,8.993881933846962,9.208922368646851,7.012205604263366,4.51333002459906
Penukal Abab Lematang Ilir,Sumatera Selatan,104.00942999802503,-3.2211392904999343,78.81,81.31,2723.04,2778.12,2.894191785651331,2.9267994183116643,3.1721862707778214,2.0227392913802156
Pesawaran,Lampung,105.08357681265726,-5.465057610999963,870.2,912.64,5899.46,6630.49,14.750502588372497,13.76429193015901,4.877039760974489,12.391473117878583
Pesisir Barat,Lampung,104.18498270781929,-5.367305912999967,54.62,55.45,1696.28,1843.2,3.219987266253213,3.0083550347222223,1.5195898938118013,8.661305916476048
Pesisir Selatan,Sumatera Barat,100.95588194139414,-1.7918041664999576,364.17,368.39,5352.33,5427.37,6.803952671079698,6.7876337894781456,1.1587994617898056,1.4020062290628577
Pidie,Aceh,95.94662483509804,5.11387898600006,110.81,114.06,4031.92,4168.9,2.7483184190162504,2.735973518194248,2.9329482898655446,3.3973888370800953
Pidie Jaya,Aceh,96.19912109746708,5.118778121500043,40.8,43.45,1303.79,1357.92,3.129338313685486,3.1997466713797573,6.495098039215708,4.151742228426358
Pinrang,Sulawesi Selatan,119.60690251649902,-3.6552643284999533,486.41,535.8,6771.42,8304.71,7.183279134952492,6.451760506989407,10.153985321025448,22.643551869474933
Pohuwato,Gorontalo,121.64899012224035,0.6993436840000695,224.87,265.93,2651.04,2919.61,8.482331462369485,9.10840831480917,18.25943878685463,10.130741143098554
Ponorogo,Jawa Timur,111.5004533563745,-7.973596082999961,761.11,780.96,7384.05,7963.48,10.307487083646508,9.806767895442697,2.6080330044277567,7.847048706333237
Poso,Sulawesi Tengah,120.53541127005482,-1.670259589999944,52.46,53.8,3645.79,3871.65,1.4389199597343785,1.3895884183745946,2.5543271063667383,6.195090775936074
Pringsewu,Lampung,104.97383665477008,-5.370522227499947,626.27,667.32,4139.84,4552.59,15.127879338331915,14.65802982478106,6.554680888434716,9.970192084718255
Probolinggo,Jawa Timur,113.30045266971727,-7.869492219999927,3680.91,3822.27,12408.92,14295.82,29.663419540137255,26.736976262991558,3.8403546948988287,15.205996976368619
Pulang Pisau,Kalimantan Tengah,114.04365916607438,-2.4626025594999876,203.72,236.81,2059.09,2217.33,9.893690902291787,10.67996193620255,16.242882387590818,7.684948205275144
Pulau Morotai,Maluku Utara,128.4406110404488,2.3207902320000358,19.12,19.52,582.05,592.76,3.284941156258054,3.293069707807544,2.092050209205021,1.8400481058328477
Pulau Taliabu,Maluku Utara,124.82845572279153,-1.830882205999956,7.78,8.0,600.38,624.35,1.295845964222659,1.281332585889325,2.8277634961439535,3.9924714347579826
Puncak,Papua Tengah,137.47983066947288,-3.650275458499948,0.06,0.06,485.84,506.6,0.012349744771941378,0.011843663639952625,0.0,4.273011691091733
Puncak Jaya,Papua Tengah,137.90355887801599,-3.451043935499939,2.4,2.41,455.7,464.33,0.5266622778143515,0.5190274158464885,0.4166666666666874,1.8937897739740972
Purbalingga,Jawa Tengah,109.40035204380109,-7.327851745499942,2715.47,2815.53,9529.16,9936.88,28.496425708037222,28.334145124022836,3.684813310403001,4.2786562509182335
Purwakarta,Jawa Barat,107.40081725664464,-6.577600673999939,13785.95,14708.61,25092.28,26277.48,54.941001774250886,55.97420300576768,6.6927560305963585,4.723365114688671
Purworejo,Jawa Tengah,109.97565544875862,-7.711177029499973,1392.78,1445.32,7063.63,7097.79,19.71762394123135,20.362958047504925,3.77231149212367,0.4836040392829144
Raja Ampat,Papua Barat Daya,130.0679211639403,-1.872394812499948,9.87,9.86,1097.01,1105.99,0.8997183252659502,0.89150896481885,-0.10131712259371373,0.8185887093098421
Rejang Lebong,Bengkulu,102.70589440608023,-3.4647788374999493,139.82,155.58,3631.07,3955.89,3.8506555918778758,3.9328697208466363,11.271634959233312,8.945572517191902
Rembang,Jawa Tengah,111.45885628255677,-6.765555893499965,1724.69,1821.84,7623.51,7411.74,22.623306062430558,24.580462887257244,5.632896346589811,-2.777854295462334
Rokan Hilir,Riau,100.70191745912643,1.8886074445000531,6098.98,6578.38,28499.87,31871.96,21.40002743872165,20.640023393603656,7.860330743829302,11.831948707134465
Rokan Hulu,Riau,100.4589529111996,0.904030426000048,4407.48,4741.18,17021.23,17942.27,25.89401588486848,26.424638576947064,7.5712198353707905,5.411124812954182
Sambas,Kalimantan Barat,109.4053271085277,1.5229190110000275,955.68,1008.18,8122.23,8374.41,11.76622676284715,12.038818257047362,5.493470617780005,3.104812348332908
Samosir,Sumatera Utara,98.73609302118821,2.57506578400006,8.28,8.58,1688.86,1771.59,0.4902715441185178,0.48431070394391484,3.6231884057971175,4.898570633445054
Sampang,Jawa Timur,113.25368674061463,-7.054966393999962,297.28,310.32,7038.22,7133.43,4.223795220950751,4.350221422233063,4.386437029063517,1.3527568049876315
Sanggau,Kalimantan Barat,110.5437475903459,0.344858530500062,1047.14,1166.99,7807.48,8032.46,13.4120100211592,14.528425911862616,11.44546096987986,2.88159559806751
Sarmi,Papua,139.2323282304303,-2.5616816264999613,18.86,19.16,1062.22,1094.39,1.775526727043362,1.7507469914747027,1.590668080593849,3.028562821261138
Sarolangun,Jambi,102.63096212151925,-2.3246902779999346,241.86,259.23,6351.08,6780.89,3.8081712086763195,3.8229494948303246,7.181840734309097,6.76751040767869
Sekadau,Kalimantan Barat,110.941368886824,0.036423011500062004,139.53,150.53,2642.6,2743.84,5.280027245894195,5.486107061636247,7.883609259657431,3.8310754559903293
Seluma,Bengkulu,102.67230343831332,-4.079466993999944,145.43,161.1,1780.88,1929.2,8.1661875028076,8.350611652498445,10.774943271677095,8.328466825389679
Semarang,Jawa Tengah,110.4619301679574,-7.277682640999956,7091.02,7286.68,18358.93,19340.06,38.624364273952786,37.676615274202874,2.7592645345803524,5.344156767306152
Seram Bagian Barat,Maluku,128.53249021217664,-3.20118557899994,71.85,73.04,1126.52,1140.78,6.378049213507084,6.402636792370134,1.656228253305514,1.2658452579625834
Seram Bagian Timur,Maluku,130.39023485985257,-3.4164875369999663,18.41,18.86,1000.76,1064.1,1.839601902554059,1.772389812987501,2.4443237370993964,6.329189815740022
Serang,Banten,105.9932754515718,-6.096665653999935,12868.78,13695.56,28941.47,29482.33,44.464845773210556,46.45345194901488,6.424696047333156,1.8688062493024793
Serdang Bedagai,Sumatera Utara,99.0155208550946,3.345630971500043,1958.34,2122.41,12111.08,12792.31,16.16982135366953,16.591295864468574,8.378014032292658,5.624849311539504
Seruyan,Kalimantan Tengah,112.17300138180525,-2.096362425499933,1041.93,1196.7,3431.05,3739.74,30.367671703997317,31.999550770909213,14.85416486712159,8.996954285131364
Siak,Riau,101.80526488220806,0.8467877260000305,14697.66,15006.59,35377.73,38356.41,41.54494932263884,39.12407339477287,2.1018992138884807,8.419647049146462
Sidenreng Rappang,Sulawesi Selatan,120.0279335868443,-3.81138555499993,931.72,847.28,5662.59,6014.71,16.453954815729197,14.086797202192624,-9.062808569098014,6.218355911340923
Sidoarjo,Jawa Timur,112.67099315525927,-7.459435980499961,41931.89,43422.57,83588.62,87487.17,50.16459178294844,49.63307191214438,3.5550031253062997,4.663972201000566
Sigi,Sulawesi Tengah,119.92782000388364,-1.4610913834999621,70.25,71.7,3569.78,3658.98,1.9679083865112135,1.9595625010248758,2.0640569395017794,2.4987534245807907
Sijunjung,Sumatera Barat,101.06820152615822,-0.6535111724999465,104.59,105.19,3568.17,3643.05,2.9311944217904418,2.8874157642634604,0.5736686107658429,2.098554721327739
Sikka,Nusa Tenggara Timur,122.09734041602508,-8.600296232999966,39.55,40.73,1869.37,2024.34,2.115686033262543,2.0120137921495402,2.9835651074589187,8.28995864917057
Simalungun,Sumatera Utara,98.78307086754697,2.952024581000046,1709.0,1865.21,16751.18,17820.34,10.202266347803556,10.46674754802658,9.140433001755422,6.382595136581415
Simeulue,Aceh,96.02597260641265,2.6288333250000444,12.2,12.31,859.24,920.5,1.4198594106419624,1.3373166757197175,0.9016393442623061,7.129556352125133
Sinjai,Sulawesi Selatan,120.15076833098388,-5.20252977149994,122.33,129.12,4581.35,4715.45,2.670173638774597,2.7382328303767403,5.5505599607618805,2.9270848112455727
Sintang,Kalimantan Barat,111.5665718602819,0.189336105000052,523.13,565.22,6003.55,6253.67,8.713677740670104,9.038212761466466,8.045801234874705,4.166201664015445
Situbondo,Jawa Timur,114.26665120819891,-7.801275455999956,1649.65,1751.19,7375.48,8078.05,22.366679863547866,21.678375350486814,6.155245051980729,9.52575290015023
Sleman,Daerah Istimewa Yogyakarta,110.38080016906926,-7.6810662459999435,2236.55,2252.09,18410.58,18865.77,12.14817784121956,11.937440136289164,0.6948201471015603,2.472437044351672
Solok,Sumatera Barat,100.80686102778321,-0.926096146499958,262.95,264.82,5158.29,5328.92,5.097619559970455,4.969487250699954,0.7111618178360812,3.3078791615050784
Solok Selatan,Sumatera Barat,101.2587724963521,-1.3597322239999694,88.69,92.17,2199.46,2264.03,4.032353395833523,4.071059129075145,3.9237794565339934,2.9357205859620095
Soppeng,Sulawesi Selatan,119.91728251851887,-4.32781784149995,528.59,533.35,4485.28,4453.94,11.784994470802271,11.974790859329044,0.9005089010386103,-0.6987300681339903
Sorong,Papua Barat Daya,131.53146288757438,-1.1592004084999414,1534.16,1519.46,3451.12,3432.69,44.453974361946266,44.26441070996798,-0.9581790686760239,-0.5340295324416378
Sorong Selatan,Papua Barat Daya,132.15518709521967,-1.6289965524999555,12.09,12.37,621.2,624.77,1.9462330972311654,1.9799286137298526,2.3159636062861866,0.5746941403734551
Sragen,Jawa Tengah,110.95015621619126,-7.403594911999932,5894.87,6284.24,14735.85,15313.03,40.00359667070444,41.03851425877178,6.605234721037112,3.9168422588449214
Subang,Jawa Barat,107.73777475700105,-6.495820453999926,1916.21,1951.8,15073.88,16070.54,12.712121895623424,12.145204828213613,1.8573120900110096,6.611834511088066
Sukabumi,Jawa Barat,106.72994195768966,-7.082654251999941,4122.06,4298.86,25505.76,25683.37,16.1612906261174,16.737912509145023,4.28911757713375,0.6963525101780998
Sukamara,Kalimantan Tengah,111.19427909516938,-2.5400126999999486,359.25,393.12,1755.89,1931.87,20.45970989071069,20.349195339230903,9.427974947807938,10.022267909720984
Sukoharjo,Jawa Tengah,110.87065942471442,-7.6636178559999735,5240.17,5547.53,14043.13,14477.51,37.314829386326274,38.31826052960764,5.865458563367221,3.0931850662922145
Sumba Barat,Nusa Tenggara Timur,119.43973661887024,-9.590439220499945,16.77,18.59,839.46,910.6,1.9977128153813164,2.041511091587964,10.852713178294572,8.47449550901771
Sumba Barat Daya,Nusa Tenggara Timur,119.16620586185914,-9.532005061999968,11.96,13.8,1350.46,1459.65,0.8856241576944153,0.9454321241393485,15.384615384615374,8.085393125305451
Sumba Tengah,Nusa Tenggara Timur,119.66785307881375,-9.592626945499944,3.15,3.51,423.47,472.6,0.74385434623468,0.742699957680914,11.428571428571432,11.601766358892007
Sumba Timur,Nusa Tenggara Timur,120.16636916489705,-9.781048721999952,37.32,40.71,2165.24,2335.74,1.7235964604385658,1.7429165917439444,9.083601286173625,7.874415769152621
Sumbawa Barat,Nusa Tenggara Barat,116.9293671968662,-8.80688635149994,1525.93,1268.66,12047.61,12129.49,12.665831646276729,10.459302081126248,-16.8598821702175,0.6796368740355829
Sumedang,Jawa Barat,107.98114854708088,-6.80688835899997,2417.85,2580.62,13365.96,13860.07,18.08960972500292,18.619097883344025,6.732013979361828,3.6967789818314722
Sumenep,Jawa Timur,113.85004055881328,-6.9922561449999705,928.91,1009.81,12273.67,13481.28,7.568314937585906,7.490460846447815,8.70913220871774,9.839029401963728
Supiori,Papua,135.60843132912112,-0.7557647654999471,1.67,1.68,342.6,353.75,0.4874489200233508,0.47491166077738517,0.5988023952095745,3.254524226503208
Tabalong,Kalimantan Selatan,115.51895087979727,-1.858731340999952,555.72,601.07,8731.2,9715.52,6.364760857614074,6.186699219393301,8.160584466997767,11.27359354956936
Tabanan,Bali,115.06772392526037,-8.44196993899996,478.63,515.23,7601.94,8253.91,6.296155981236369,6.242253671290334,7.646825313916805,8.576363401973719
Takalar,Sulawesi Selatan,119.46229855968438,-5.446986605499944,193.25,187.67,3703.88,3804.56,5.2175016469216065,4.93276489265513,-2.887451487710224,2.7182306122228495
Tambrauw,Papua Barat Daya,132.74050890714273,-0.8526478234999505,0.56,0.56,85.34,85.47,0.6561987344738692,0.6552006552006553,0.0,0.1523318490742831
Tana Tidung,Kalimantan Utara,116.94756495584087,3.5435612660000686,87.03,81.49,2470.95,2612.54,3.5221271171007102,3.1191866918784017,-6.365621050212578,5.7301847467573275
Tana Toraja,Sulawesi Selatan,119.76467683758484,-3.061329461999975,255.49,218.47,2785.83,2886.44,9.17105494592276,7.568839123626335,-14.489803906219423,3.6114910098606234
Tanah Bumbu,Kalimantan Selatan,115.69881590488359,-3.43498260949994,949.16,920.52,9805.95,10696.55,9.679429326072436,8.605765410342588,-3.017404863247497,9.082240884361003
Tanah Datar,Sumatera Barat,100.63797879624713,-0.46789692949994355,526.96,531.61,4960.71,5075.53,10.62267296415231,10.473980057255105,0.8824199180203385,2.314588032761433
Tanah Laut,Kalimantan Selatan,114.98680735772972,-3.8359485504999498,687.96,695.68,5641.85,6192.31,12.19387257725746,11.2345796641318,1.122158265015405,9.756728732596587
Tangerang,Banten,106.4769453739978,-6.170922372999939,17095.05,17764.54,52468.46,54633.26,32.5815737683172,32.515980192285795,3.916279858789551,4.125907259332573
Tanggamus,Lampung,104.79057337221946,-5.515395586499949,355.73,375.97,5730.12,6410.71,6.208072431292888,5.864717012624187,5.689708486773681,11.877412689437561
Tanjung Jabung Barat,Jambi,103.05611319985377,-1.088660202999961,2636.57,2933.47,15967.17,17547.51,16.51244397097294,16.717300631257654,11.260842685762174,9.897433295944102
Tanjung Jabung Timur,Jambi,103.87522921218482,-1.2573772129999554,570.38,629.02,7965.3,8858.91,7.160810013433267,7.100422060953322,10.28086538798696,11.21878648638468
Tapanuli Selatan,Sumatera Utara,99.21929002545957,1.552773704500055,364.61,399.52,6183.36,6659.1,5.896632251720748,5.9996095568470205,9.574613971092383,7.693875174662335
Tapanuli Tengah,Sumatera Utara,98.67780495961821,1.8687389985000495,409.14,440.62,3750.02,3922.79,10.910341811510339,11.232311696522117,7.694187808574093,4.607175428397725
Tapanuli Utara,Sumatera Utara,99.0721526311377,2.049236101500043,71.88,74.67,3140.63,3284.4,2.288712774188618,2.273474607234198,3.8814691151920044,4.577743955830527
Tapin,Kalimantan Selatan,114.99537596100194,-2.856547,188.43,198.39,3544.89,4537.65,5.315538705009183,4.3720868731612175,5.285782518707194,28.00538239550452
Tasikmalaya,Jawa Barat,108.06736344899362,-7.436384828499968,1156.77,1203.37,14599.64,14918.18,7.92327756026861,8.066466552890498,4.028458552694136,2.1818346205796812
Tebo,Jambi,102.41599799355323,-1.3835697609999615,414.2,441.15,6384.84,6738.34,6.487241653667124,6.5468646580611844,6.506518590053112,5.536552208042811
Tegal,Jawa Tengah,109.14346249469187,-7.048743684499954,4869.9,5107.88,13614.37,14079.24,35.77029271277334,36.27951508746211,4.886753321423454,3.414553886812244
Teluk Bintuni,Papua Barat,133.15757005169354,-2.181384627999961,8386.49,8268.43,14885.39,14687.74,56.3404116385261,56.2947737364632,-1.407740306135219,-1.327812035828413
Teluk Wondama,Papua Barat,134.56514876867533,-2.6317782699999555,11.43,11.74,471.49,486.91,2.4242295700863217,2.4111232055205276,2.7121609798775204,3.270482937071839
Temanggung,Jawa Tengah,110.11207354151043,-7.227575145499969,2046.29,2138.3,8258.36,8776.98,24.778406366397203,24.362593967401093,4.496430124762396,6.279939358419817
Timor Tengah Selatan,Nusa Tenggara Timur,124.43286948119716,-9.84570277849997,19.75,20.47,2766.63,3064.27,0.7138648825466362,0.6680220737728724,3.645569620253153,10.758214867907888
Timor Tengah Utara,Nusa Tenggara Timur,124.61627952373915,-9.342235731499954,19.97,20.54,1397.21,1526.56,1.4292769161400218,1.3455088565139923,2.854281422133198,9.257735057722162
Toba Samosir,Sumatera Utara,99.25286289357555,2.3726488350000636,178.26,163.75,2687.73,2789.95,6.632362625710171,5.869280811484077,-8.139795803881967,3.803209399753693
Tolikara,Papua Pegunungan,138.32331418106128,-3.345437171999947,1.07,1.1,591.96,603.12,0.18075545644976013,0.18238493168855285,2.8037383177570208,1.8852625177376847
Toraja Utara,Sulawesi Selatan,119.83969779176546,-2.8819706954999447,282.58,291.9,3566.65,3787.8,7.9228407609381355,7.706320291462061,3.2981810460754435,6.200496264001232
Trenggalek,Jawa Timur,111.62925098548881,-8.138454733999936,1376.55,1440.58,6685.83,7110.72,20.589066727691254,20.259270509878043,4.651483781918553,6.355082315882998
Tuban,Jawa Timur,111.90758596309088,-6.975711516999951,7266.34,7243.21,25435.47,24449.93,28.56774417771718,29.624665592089627,-0.318317061959672,-3.8746679341879697
Tulangbawang,Lampung,105.54773362262355,-4.403688234999947,2106.86,2347.28,8329.27,9327.09,25.294653673131016,25.166263003787893,11.411294533096639,11.979681292598276
Tulang Bawang Barat,Lampung,105.13759679333833,-4.4260730744999535,1200.83,1303.49,4147.35,4833.19,28.954151446104138,26.969558407594157,8.549086881573587,16.536824719399124
Tulungagung,Jawa Timur,111.88876083652238,-8.061679781499947,3637.7,3704.62,14213.64,15114.79,25.59302191416133,24.509900567589757,1.8396239382027169,6.340036753428402
Wajo,Sulawesi Selatan,120.12284742486383,-3.958905776499961,310.27,353.29,7606.05,7375.0,4.079252700153167,4.790372881355933,13.86534308827796,-3.037713399201958
Waropen,Papua,136.66338333779814,-2.7279399229999512,7.51,7.56,680.88,699.23,1.1029843731641404,1.081189308239063,0.665778961384822,2.6950417107272973
Way Kanan,Lampung,104.51639252458696,-4.57663624199995,1123.36,1306.32,5271.96,5856.53,21.30820415936388,22.305358292367664,16.286853724540663,11.08828595057625
Wonogiri,Jawa Tengah,110.9478586850231,-7.959275015999964,2144.0,2241.13,11877.03,11459.25,18.051650959878014,19.55738813622183,4.53031716417911,-3.517546053179965
Wonosobo,Jawa Tengah,109.93122786055756,-7.405749285499951,1230.62,1292.05,6927.48,7317.59,17.764324112086936,17.656769510180265,4.991792754871538,5.6313406895436735
Yahukimo,Papua Pegunungan,139.44150861285036,-4.36252049549995,4.32,4.49,861.06,902.28,0.5017071981046618,0.49762823070443774,3.935185185185186,4.787122848581982
Yalimo,Papua Pegunungan,139.54733985449906,-3.7449938489999397,0.29,0.3,493.32,512.19,0.05878537257763723,0.05857201429157148,3.4482758620689724,3.825103381172479
Majene,Sulawesi Barat,118.8821397272635,-3.267935697499951,108.2,115.27,1784.64,1857.3,6.062847409001255,6.206321003607386,6.534195933456566,4.071409359870892
Kayong Utara,Kalimantan Barat,110.06122092152677,-1.0466351474999556,153.39,169.46,1671.43,1757.11,9.177171643443039,9.644245380198168,10.476563009322648,5.126149464829499
Kubu Raya,Kalimantan Barat,109.52602301708313,-0.3282236094999575,3779.49,4153.38,11811.48,12285.79,31.998445580062786,33.80637305374746,9.8926045577578,4.015669501197161
Rote Ndao,Nusa Tenggara Timur,123.20476806482894,-10.687185371499965,17.23,17.74,1188.04,1251.89,1.4502878690953167,1.4170574091972934,2.9599535693557666,5.374398168411854
Sabu Raijua,Nusa Tenggara Timur,121.88899810752689,-10.523442897999956,8.72,8.82,492.91,533.51,1.7690856342942933,1.653202376712714,1.1467889908256756,8.236797792700479
Halmahera Utara,Maluku Utara,127.88059170347582,1.5346265211649095,80.41,94.02,2200.23,2186.76,3.654617926307704,4.299511606211929,16.92575550304689,-0.6122087236334339
Kota Bontang,Kalimantan Timur,117.47396089681507,0.116841112500055,12888.88,14170.55,17540.55,18963.38,73.48047809219209,74.72586638036046,9.94399823724017,8.111661264897641
Kota Kendari,Sulawesi Tenggara,122.53213635000321,-3.99739041649994,586.87,591.5,8225.16,8546.46,7.135058770893211,6.920994189407077,0.7889311091042295,3.906306989772834
Aceh Besar,Aceh,95.50363226308826,5.361261760500042,120.53,126.8,5164.01,5269.77,2.334038857399579,2.40617711968454,5.20202439226749,2.0480208210286177
Bone Bolango,Gorontalo,123.30802653025924,0.5596244555000565,113.76,116.3,1694.55,1715.57,6.713286713286713,6.779087999906737,2.232770745428958,1.2404473163966756
Toli-Toli,Sulawesi Tengah,120.8780934640333,0.9717836800000725,63.36,65.43,3067.29,3251.84,2.065667087233356,2.012091615823657,3.2670454545454586,6.016711820532139
Muna,Sulawesi Tenggara,122.69568716913727,-4.924687189499963,139.38,115.99,2571.34,2651.67,5.420520040134715,4.374224545286555,-16.78146075477113,3.124052050681736
Wakatobi,Sulawesi Tenggara,123.58477061288995,-5.306770182499946,72.43,68.56,1599.75,1693.37,4.527582434755431,4.048731228260806,-5.343089879884033,5.8521644006876095
Kolaka,Sulawesi Tenggara,121.69319069785368,-4.122047732499965,722.43,801.24,10695.5,11284.26,6.754522930204292,7.100509913809147,10.909015406336952,5.504744986209165
Banggai Kepulauan,Sulawesi Tengah,123.39484462717138,-1.395929041999949,38.59,39.36,1535.07,1613.41,2.5138918746376393,2.4395534922927213,1.9953355791655802,5.103350335815304
Banggai,Sulawesi Tengah,122.3190265490444,-1.0910166434999555,3181.4,3586.41,11826.52,12902.48,26.900559082468895,27.796284125222435,12.730558873451937,9.097858034316086
Padang Pariaman,Sumatera Barat,100.27025560595861,-0.5612839309999345,793.09,787.23,7331.89,7519.1,10.81699261718329,10.469737069596095,-0.7388820940876895,2.553366185253725
Tojo Una-Una,Sulawesi Tengah,121.63581296679644,-1.236361851499936,133.03,135.55,2036.35,2219.89,6.5327669604930385,6.106158413254711,1.8943095542358845,9.013185356151943
Buol,Sulawesi Tengah,121.54788215056328,0.9966645155000435,304.66,315.41,2292.46,2417.56,13.289653908901355,13.046625523254853,3.528523600078781,5.457019969814092
Mamuju,Sulawesi Barat,119.39484153864629,-2.5535359159999587,208.65,227.85,4383.13,4654.82,4.760296865481973,4.8949261195921645,9.202012940330695,6.198538487336669
Halmahera Barat,Maluku Utara,127.5768331125746,1.3634148740467005,36.68,37.02,862.44,908.67,4.253049487500579,4.074086301957807,0.9269356597600975,5.360372895505772
Polewali Mandar,Sulawesi Barat,119.14610922649707,-3.299528004999956,349.23,357.63,4929.49,5084.98,7.084505699372552,7.033066010092469,2.40529164161154,3.1542816802549556
Morowali,Sulawesi Tengah,121.87567855244578,-2.7082632254999623,39043.16,43487.24,51089.06,56375.2,76.42176231075695,77.13895471767728,11.38248031153215,10.346911843748941
Kota Palopo,Sulawesi Selatan,120.12411120859201,-2.9759893299999476,75.34,82.24,2994.03,3239.62,2.516340851628073,2.5385693383791925,9.158481550305275,8.202656620007144
Luwu,Sulawesi Selatan,120.21792307282678,-3.3355030254999747,296.12,363.19,6414.45,6990.59,4.616451917155797,5.195412690488213,22.649601512900162,8.98190803576302
Buton,Sulawesi Tenggara,122.9484805108544,-5.358978995999934,49.87,50.66,1424.12,1488.49,3.5018116450860886,3.4034491330139938,1.584118708642479,4.519984270988409
Buton Selatan,Sulawesi Tenggara,122.68875841587993,-5.570917044499964,35.21,36.32,1057.82,1086.31,3.32854360855344,3.3434286713737333,3.1525134904856644,2.693274848272864
Buton Utara,Sulawesi Tenggara,122.95727273397502,-4.7566751529999465,60.58,67.62,1158.69,1196.7,5.228318186917984,5.650538982201053,11.620997028722368,3.280428760065246
Konawe Kepulauan,Sulawesi Tenggara,123.09898066209142,-4.102469227499938,17.56,19.98,544.93,579.13,3.222432239003175,3.450002590092035,13.781321184510254,6.27603545409503
Kota Baubau,Sulawesi Tenggara,122.70727350231562,-5.422087380999955,115.23,119.34,3235.73,3419.47,3.5611747580916826,3.4900145344161526,3.5667794845092526,5.678471318682332
