kab_kota;sektorC_t1;sektorC_t2;pdrb_t1;pdrb_t2
Simeulue;12,2;12,31;859,24;920,5
Aceh Singkil;60,06;64,09;946,1;991,44
Aceh Selatan;63,86;64,91;2059,22;2213,98
Aceh Tenggara;35,91;34,3;1868,49;1990,06
Aceh Timur;193,84;201,08;4134,9;4294,45
Aceh Tengah;73,2;70,24;3033,43;3022,48
Aceh Barat;69,45;70,36;4013,58;4043,16
Aceh Besar;120,53;126,8;5164,01;5269,77
Pidie;110,81;114,06;4031,92;4168,9
Bireuen;71,04;71,52;5092,69;5482,9
Aceh Utara;528,56;634,07;7929,62;8681,43
Aceh Barat Daya;49,43;50,26;1466,14;1559,35
Gayo Lues;100,59;103,99;982,37;1020,24
Aceh Tamiang;323,35;276,9;3223,64;3317,77
Nagan Raya;160,94;164,82;3524,32;3521,16
Aceh Jaya;48,26;52,66;956,11;1019,68
Bener Meriah;37,71;37,69;1838,59;1848,12
Pidie Jaya;40,8;43,45;1303,79;1357,92
Kota Banda Aceh;158,13;158,83;7062,06;7433,09
Kota Sabang;13,09;13,51;497,41;524,72
Kota Langsa;196,94;193,33;2025,23;2101,38
Kota Lhokseumawe;558,1;564,68;3277,76;3427,88
Kota Subulussalam;145,96;154,82;757,31;798,46
Nias;2,84;2,91;1474,76;1532,31
Mandailing Natal;636,9;675,22;5719,44;6019,3
Tapanuli Selatan;364,61;399,52;6183,36;6659,1
Tapanuli Tengah;409,14;440,62;3750,02;3922,79
Tapanuli Utara;71,88;74,67;3140,63;3284,4
Toba Samosir;178,26;163,75;2687,73;2789,95
Labuhan Batu;4529,15;4789,69;14018,63;14917,19
Asahan;3294,37;3578,26;16159,39;17305,02
Simalungun;1709;1865,21;16751,18;17820,34
Dairi;15,2;16,63;3564,82;3685,06
Karo;313,46;319,81;7886,23;8196,42
Deli Serdang;11814,55;12790,12;42361,14;44811,17
Langkat;2461,97;2625,91;17536,9;18581,58
Nias Selatan;4,17;4,35;2509,26;2592,53
Humbang Hasundutan;34,43;36,34;2285,46;2383,37
Pakpak Bharat;0,86;0,89;491,35;502,04
Samosir;8,28;8,58;1688,86;1771,59
Serdang Bedagai;1958,34;2122,41;12111,08;12792,31
Batu Bara;6139,88;6397,18;13536,82;14474,33
Padang Lawas Utara;901,88;987,28;4917,9;5243,33
Padang Lawas;830,6;910,33;5227,1;5558,08
Labuhan Batu Selatan;4847,54;5202,99;11847,43;12632,31
Labuhan Batu Utara;2712,53;2912,13;10183,03;10814,39
Nias Utara;2,8;2,86;1329,88;1378,55
Nias Barat;1,7;1,73;699,69;719,85
Kota Sibolga;99,26;104,32;1957,58;2065,83
Kota Tanjung Balai;762,15;771,15;3446,64;3576,44
Kota Pematang Siantar;826,75;866,21;4820,75;5000,49
Kota Tebing Tinggi;228,41;236,84;2146,42;2207,3
Kota Medan;12611,35;13795,26;91445,67;98029,51
Kota Binjai;485,01;506,21;4303,32;4534,55
Kota Padangsidimpuan;101,4;100,45;2379,7;2435,06
Kota Gunungsitoli;3,85;3,91;1969,04;2036,4
Kepulauan Mentawai;44,84;44,48;1712,27;1760,55
Pesisir Selatan;364,17;368,39;5352,33;5427,37
Solok;262,95;264,82;5158,29;5328,92
Sijunjung;104,59;105,19;3568,17;3643,05
Tanah Datar;526,96;531,61;4960,71;5075,53
Padang Pariaman;793,09;787,23;7331,89;7519,1
Agam;847,15;837,86;7873,42;8030,25
Lima Puluh Kota;409,7;413,21;6040,36;6161,13
Pasaman;133,54;129,73;3375,76;3453,12
Solok Selatan;88,69;92,17;2199,46;2264,03
Dharmasraya;218,97;214,87;3992,69;4258,09
Pasaman Barat;781,06;812,75;6008,43;6214,96
Kota Padang;2601,87;2568,92;23523,06;24215,37
Kota Solok;69,13;69,59;1543,54;1600,99
Kota Sawah Lunto;161,8;156,41;1443,95;1493,71
Kota Padang Panjang;118,83;116,37;1349,68;1395,92
Kota Bukittinggi;182,85;183,97;3280,67;3401,29
Kota Payakumbuh;127,84;125,69;2567,48;2627,34
Kota Pariaman;136,8;137,04;1937,87;1990,54
Kuantan Singingi;4142,5;4332,87;14685,73;16145,08
Indragiri Hulu;4687,57;4717,81;16954,76;17298,71
Indragiri Hilir;6629,33;7262,48;27064,73;27892,56
Pelalawan;11002,78;11068,74;22184,62;22641,4
Siak;14697,66;15006,59;35377,73;38356,41
Kampar;8524,41;8843,22;33455;36442,17
Rokan Hulu;4407,48;4741,18;17021,23;17942,27
Bengkalis;7883,41;8093,2;46868,18;53785,42
Rokan Hilir;6098,98;6578,38;28499,87;31871,96
Kepulauan Meranti;1978,13;1934,67;7789,34;7718,14
Kota Pekanbaru;10399,18;10335,43;48989,43;51163,02
Kota Dumai;9590,04;9118,67;15586,33;15626,26
Kerinci;112,51;122,45;3980,19;4241,72
Merangin;529,67;565,19;7065,01;7462,25
Sarolangun;241,86;259,23;6351,08;6780,89
Batang Hari;718,57;760,45;7165,85;7639,96
Muaro Jambi;1496,63;1603,96;11104,92;11892,62
Tanjung Jabung Timur;570,38;629,02;7965,3;8858,91
Tanjung Jabung Barat;2636,57;2933,47;15967,17;17547,51
Tebo;414,2;441,15;6384,84;6738,34
Bungo;507,38;551,9;7430,12;8017,01
Kota Jambi;1244,61;1300,71;11998,5;12942,42
Kota Sungai Penuh;19,31;20,93;2936,01;3058,16
Ogan Komering Ulu;1097,07;1164,6;5735,71;5978,71
Ogan Komering Ilir;2845,5;3120,09;13447,22;13806,4
Muara Enim;3485,19;3617,09;30185,38;35842,81
Lahat;370,17;380,95;7704,83;9178,03
Musi Rawas;1127,94;1158,42;7054,77;7654,86
Musi Banyuasin;3292,87;3259,7;25976,6;26908,3
Banyu Asin;2995,44;2903,91;12064,28;12284,28
Ogan Komering Ulu Selatan;285,8;294,46;3391,17;3469,73
Ogan Komering Ulu Timur;612,6;643,12;5872,05;6433,54
Ogan Ilir;495,46;522,88;4209,81;4443,86
Empat Lawang;236,95;249,64;1898,05;2021,05
Penukal Abab Lematang Ilir;78,81;81,31;2723,04;2778,12
Musi Rawas Utara;173,78;176,68;2568,74;2754,88
Kota Palembang;18607,6;19587,42;59304,06;61790,48
Kota Prabumulih;319,25;331,84;2934,15;3037,65
Kota Pagar Alam;21,2;20,8;1071,16;1126,67
Kota Lubuklinggau;181,7;189,89;2436,52;2538,65
Bengkulu Selatan;64,17;70,64;2178,16;2378,53
Rejang Lebong;139,82;155,58;3631,07;3955,89
Bengkulu Utara;246,57;268,07;3366,16;3744,34
Kaur;51,8;56,29;1409,84;1530,36
Seluma;145,43;161,1;1780,88;1929,2
Mukomuko;227,52;253,4;2120,64;2383,39
Lebong;65,75;72,69;1297,82;1378,03
Kepahiang;116,79;126,77;1792,88;1932,36
Bengkulu Tengah;235,16;254,75;1760,37;1848,55
Kota Bengkulu;267,05;283,52;9303,36;10276,29
Lampung Barat;157,28;172,03;2694,91;2926,8
Tanggamus;355,73;375,97;5730,12;6410,71
Lampung Selatan;4061,59;4391,76;16643,13;18650,17
Lampung Timur;1402,52;1618,82;15465,51;18131,86
Lampung Tengah;6169,71;6783,36;26522,67;29976,79
Lampung Utara;1147,07;1341,73;8616,79;9649,1
Way Kanan;1123,36;1306,32;5271,96;5856,53
Tulangbawang;2106,86;2347,28;8329,27;9327,09
Pesawaran;870,2;912,64;5899,46;6630,49
Pringsewu;626,27;667,32;4139,84;4552,59
Mesuji;973,25;1086,42;3862,56;4320,42
Tulang Bawang Barat;1200,83;1303,49;4147,35;4833,19
Pesisir Barat;54,62;55,45;1696,28;1843,2
Kota Bandar Lampung;4332,55;4648,57;22346,62;23647,27
Kota Metro;393,87;434,16;2370,5;2507,53
Bangka;1493,34;1534,51;5759,25;6097,78
Belitung;493,69;538,57;3959,63;4280,43
Bangka Barat;3172,04;3160,91;6072,58;6212,05
Bangka Tengah;320,06;415,42;3327,93;3639,91
Bangka Selatan;167,48;177,22;3395,52;3592,61
Belitung Timur;644,15;698,34;3103,12;3349,12
Kota Pangkal Pinang;517,69;550,25;5181,56;5599,54
Karimun;712,94;730,39;5079,57;5291,36
Bintan;4160,28;4053,62;8508,69;8738,9
Natuna;51,57;52,94;6028,42;7100,95
Lingga;9,63;9,34;1514,31;1585,45
Kepulauan Anambas;7,29;7,39;4902,5;5787,91
Kota Batam;38277,68;41209,23;66989,96;71991,29
Kota Tanjung Pinang;436,86;408,44;6950,16;7237,7
Kepulauan Seribu;84,48;84,32;2069,84;2348,08
Kota Jakarta Selatan;3322,32;3460,05;238621,95;245241,23
Kota Jakarta Timur;45818,57;46684,84;176031,59;180489,66
Kota Jakarta Pusat;2073,19;2092,26;258378,66;266784,23
Kota Jakarta Barat;9101,83;9224,76;175753,31;180687,11
Kota Jakarta Utara;53306,95;53872,98;185775,88;191159,82
Bogor;44256,76;45135,76;88462,23;90441,63
Sukabumi;4122,06;4298,86;25505,76;25683,37
Cianjur;1278,1;1373,6;18643,09;19896
Bandung;24153,08;24909,87;47109,15;49037,8
Garut;2169,63;2184,77;23619,13;24023,74
Tasikmalaya;1156,77;1203,37;14599,64;14918,18
Ciamis;875,9;928,28;12420,04;12913,95
Kuningan;242,5;259,45;11439,37;12206,91
Cirebon;3837,24;4080,62;19011,87;20756,45
Majalengka;3958,27;4063,57;13493,74;14687,75
Sumedang;2417,85;2580,62;13365,96;13860,07
Indramayu;12294,69;13413,29;28495,3;32574,66
Subang;1916,21;1951,8;15073,88;16070,54
Purwakarta;13785,95;14708,61;25092,28;26277,48
Karawang;58373,02;60139,79;86126,44;90047,91
Bekasi;89944,54;92084,08;118640,52;121336,14
Bandung Barat;6926,89;7284,86;17337,14;18117,35
Pangandaran;200,52;206,84;4440,56;4505,36
Kota Bogor;2980,08;3006,33;17340,62;17835,34
Kota Sukabumi;227,19;232,87;4301,12;4490,88
Kota Bandung;17851,92;18770,51;106014,49;109715,49
Kota Cirebon;905,51;948,02;8718,8;9115,07
Kota Bekasi;11830,4;12239,72;36578,34;38367,87
Kota Depok;7368,91;7653,68;26366,85;27504,1
Kota Cimahi;5229,79;5409,24;12206,43;12868,61
Kota Tasikmalaya;1061,46;1097,04;8496,59;8841,12
Kota Banjar;167,63;165,29;1528,56;1551,77
Cilacap;19182,42;20912,7;36980,93;39133,97
Banyumas;5417,3;5791,59;21251,25;21819,73
Purbalingga;2715,47;2815,53;9529,16;9936,88
Banjarnegara;1364,62;1471,46;8225,98;8471,45
Kebumen;2448,74;2512,35;11298,58;11004,16
Purworejo;1392,78;1445,32;7063,63;7097,79
Wonosobo;1230,62;1292,05;6927,48;7317,59
Magelang;3023,24;3222,85;12365,45;12856,11
Boyolali;4067,29;4210,99;12917,63;13451,13
Klaten;5874,21;6117,43;15285,57;15805,64
Sukoharjo;5240,17;5547,53;14043,13;14477,51
Wonogiri;2144;2241,13;11877,03;11459,25
Karanganyar;6723,3;7009,93;14400,75;15084,29
Sragen;5894,87;6284,24;14735,85;15313,03
Grobogan;1623,4;1682,8;11238,85;10840,4
Blora;1085,55;1106,52;9447,09;9690,66
Rembang;1724,69;1821,84;7623,51;7411,74
Pati;4805,78;4983,78;16843,9;17621,29
Kudus;25790,55;26290,02;34187,2;34884,08
Jepara;3737,87;4020,41;11384,44;12039,24
Demak;3148,93;3348,03;10620,82;10583,06
Semarang;7091,02;7286,68;18358,93;19340,06
Temanggung;2046,29;2138,3;8258,36;8776,98
Kendal;7173,83;7501,9;17059,21;17959,16
Batang;3025,32;3209,08;8656,72;9210,21
Pekalongan;2542,89;2707,35;8727,68;8995,26
Pemalang;2166,49;2313,73;9578,57;10265,64
Tegal;4869,9;5107,88;13614,37;14079,24
Brebes;3432,35;3505,93;17765,87;18204,46
Kota Magelang;537,72;557,29;3317,01;3473,03
Kota Surakarta;1511,96;1532,26;17764,42;18504,31
Kota Salatiga;1671,41;1713,78;5127,12;5332,81
Kota Semarang;21139,51;22072,22;75346,41;78781,91
Kota Pekalongan;837,49;862,71;4163,39;4330,62
Kota Tegal;1012,27;1073,34;5887,02;6124,42
Kulon Progo;494,43;491,01;4729,19;4748,95
Bantul;1498,98;1505,52;10396,8;10522,14
Gunung Kidul;628,44;642;7985,39;7740,38
Sleman;2236,55;2252,09;18410,58;18865,77
Kota Yogyakarta;1665,71;1685,13;13730,18;14134,7
Pacitan;458,96;475,3;5929,95;6224,12
Ponorogo;761,11;780,96;7384,05;7963,48
Trenggalek;1376,55;1440,58;6685,83;7110,72
Tulungagung;3637,7;3704,62;14213,64;15114,79
Blitar;2079,04;2178,6;13180,02;14250,14
Kediri;3506,22;3680,28;14915,64;15570,92
Malang;13065,14;13655,87;38998,58;40609,66
Lumajang;2905,98;2987,77;11822,66;12928,91
Jember;6351,75;6518,46;27790,27;30851,66
Banyuwangi;4311,13;4388,23;29937,33;32887,24
Bondowoso;1851,69;1948,19;7122,46;8228,06
Situbondo;1649,65;1751,19;7375,48;8078,05
Probolinggo;3680,91;3822,27;12408,92;14295,82
Pasuruan;35781,93;36525,29;57188,69;59350,51
Sidoarjo;41931,89;43422,57;83588,62;87487,17
Mojokerto;18925,5;19599,91;31680,45;33509,82
Jombang;3413,81;3582,12;14977,95;16109,75
Nganjuk;1725,94;1812,22;10568,1;10781,15
Madiun;1111,91;1145,63;6869,89;7468,88
Magetan;866,05;896,26;6840,74;7054,34
Ngawi;773,64;788,73;7433,72;7197,21
Bojonegoro;2019,6;2109,98;28440,1;29938,01
Tuban;7266,34;7243,21;25435,47;24449,93
Lamongan;1903,75;1992,26;14991,3;16157,08
Gresik;28245,89;29503,4;53379,27;55963,54
Bangkalan;263,52;267,15;8006,5;8449,77
Sampang;297,28;310,32;7038,22;7133,43
Pamekasan;505,52;527,7;6720,66;6481,71
Sumenep;928,91;1009,81;12273,67;13481,28
Kota Kediri;35238,1;35459,39;45198,23;45630,47
Kota Blitar;261;274,16;2550,18;2660,72
Kota Malang;7501,25;7915,78;27853,17;29028,13
Kota Probolinggo;641,82;654,92;4252,53;4450,67
Kota Pasuruan;628,94;624,97;3126,62;3180,49
Kota Mojokerto;233,85;233,89;2401,44;2469,24
Kota Madiun;713,5;753,28;5250,76;5422,11
Kota Surabaya;42303,91;43549,34;218329,06;224759,93
Kota Batu;420,32;425,09;6130,36;6520,78
Pandeglang;738,53;769,44;10759,33;10321,78
Lebak;1006,38;1030,31;10960,36;10646,37
Tangerang;17095,05;17764,54;52468,46;54633,26
Serang;12868,78;13695,56;28941,47;29482,33
Kota Tangerang;17265,68;18112,01;63839,01;65539,18
Kota Cilegon;22519,15;22521,63;39136,34;40262,34
Kota Serang;553,64;574,7;12082,76;12439,54
Kota Tangerang Selatan;2540,97;2552,19;31279,27;32101,21
Jembrana;250,99;259,94;4622,96;4872,88
Tabanan;478,63;515,23;7601,94;8253,91
Badung;744,51;798,52;20671,64;22806,85
Gianyar;1140,75;1191,25;9273,64;9763,6
Klungkung;292,5;317,13;3067,94;3291,66
Bangli;194,38;198,82;2350,82;2537,55
Karangasem;230,95;237,56;5619,3;5915,66
Buleleng;768,39;820,98;11402,23;12273,34
Kota Denpasar;1206,82;1281,82;18013,23;19635,29
Lombok Barat;245,95;246,43;5420,84;5550,14
Lombok Tengah;192,51;213,81;6248,31;6407,56
Lombok Timur;262,99;309,6;7115,2;7241,74
Sumbawa;90,38;93,74;5302,84;5367,98
Dompu;61,6;62,26;2600,31;2733,58
Bima;88,97;92,43;4136,14;4421,34
Sumbawa Barat;1525,93;1268,66;12047,61;12129,49
Lombok Utara;22,58;23,02;1613,47;1762,99
Kota Mataram;698,88;715,65;6845,68;7026,19
Kota Bima;46,9;48,77;1455,66;1508,98
Sumba Barat;16,77;18,59;839,46;910,6
Sumba Timur;37,32;40,71;2165,24;2335,74
Kupang;58,33;59,23;2760,98;3008,09
Timor Tengah Selatan;19,75;20,47;2766,63;3064,27
Timor Tengah Utara;19,97;20,54;1397,21;1526,56
Belu;24,66;25,84;1649,33;1776,51
Alor;18,2;18,63;1099,61;1197,29
Lembata;1,54;1,58;639,2;691,44
Flores Timur;21,42;21,81;1791,53;1929,05
Sikka;39,55;40,73;1869,37;2024,34
Ende;51,46;57,35;2171,08;2362,78
Ngada;20,9;21,72;1218,07;1329,94
Manggarai;7,94;8,42;1580,78;1746,48
Rote Ndao;17,23;17,74;1188,04;1251,89
Manggarai Barat;8,65;8,87;1268,94;1432,7
Sumba Tengah;3,15;3,51;423,47;472,6
Sumba Barat Daya;11,96;13,8;1350,46;1459,65
Nagekeo;16,13;16,91;776,62;864,82
Manggarai Timur;7,66;7,99;1163,75;1301,77
Sabu Raijua;8,72;8,82;492,91;533,51
Malaka;21,02;23,49;1020,95;1120,92
Kota Kupang;154,68;157,12;8481,09;9132,66
Sambas;955,68;1008,18;8122,23;8374,41
Bengkayang;304,47;335,48;3564,53;3553,1
Landak;430,44;492,52;4373;4347,66
Mempawah;964,86;1110,51;3604,96;3750,5
Sanggau;1047,14;1166,99;7807,48;8032,46
Ketapang;1779,74;1954,46;12126,18;12710,24
Sintang;523,13;565,22;6003,55;6253,67
Kapuas Hulu;407,45;439,84;4057,34;4233,31
Sekadau;139,53;150,53;2642,6;2743,84
Melawi;130,06;146,85;2044,52;2109,02
Kayong Utara;153,39;169,46;1671,43;1757,11
Kubu Raya;3779,49;4153,38;11811,48;12285,79
Kota Pontianak;2162,3;2433,73;14237,96;15173,59
Kota Singkawang;562,87;586,02;4053,51;4085,54
Kotawaringin Barat;2420,26;2667,27;8829,92;9504,81
Kotawaringin Timur;2416,4;2682,46;10540,17;11448,69
Kapuas;1009,6;1002,85;7027,21;7193,29
Barito Selatan;127,31;126,69;2350,7;2419,81
Barito Utara;324,66;372,28;3727,04;3946,66
Sukamara;359,25;393,12;1755,89;1931,87
Lamandau;338,73;385,83;2160,14;2377,2
Seruyan;1041,93;1196,7;3431,05;3739,74
Katingan;517,11;580,08;3226,24;3460,91
Pulang Pisau;203,72;236,81;2059,09;2217,33
Gunung Mas;212,04;213,05;2758,31;2847,06
Barito Timur;241,05;252,13;2768,13;2883,75
Murung Raya;127,58;139,76;2948,93;3082
Kota Palangka Raya;686,14;713,76;7168,7;7582,27
Tanah Laut;687,96;695,68;5641,85;6192,31
Kota Baru;3032,24;3142,99;10147,71;10955,78
Banjar;434,78;445,04;6224,88;6661,12
Barito Kuala;441,5;444,49;2875,42;3014,46
Tapin;188,43;198,39;3544,89;4537,65
Hulu Sungai Selatan;210;229,29;2597,59;3008,73
Hulu Sungai Tengah;331,5;345,76;2766,6;3244,21
Hulu Sungai Utara;150,98;155,07;1794,66;1873,57
Tabalong;555,72;601,07;8731,2;9715,52
Tanah Bumbu;949,16;920,52;9805,95;10696,55
Balangan;82,78;84,76;5390,79;6468,41
Kota Banjarmasin;2007,54;2158,32;12604,23;13252,2
Kota Banjar Baru;267,52;283,8;3996,54;4252,76
Paser;1149,82;1251,96;14636,43;16108,99
Kutai Barat;727,9;797,55;10485,45;11389,47
Kutai Kartanegara;3277,46;3523,61;54915;58735,63
Kutai Timur;2085,08;2429,48;38871,11;42901,08
Berau;741,94;757,38;13004,99;14002,39
Penajam Paser Utara;581,7;622,49;6467,73;6759,64
Mahakam Ulu;5,03;5,26;1064,91;1117,57
Kota Balikpapan;20858,46;23983,35;43830,27;47561,47
Kota Samarinda;2015,45;2060,56;27979,09;29144,5
Kota Bontang;12888,88;14170,55;17540,55;18963,38
Malinau;103,99;102,83;4648,58;4743,59
Bulungan;989,27;1749,51;7254,53;7711,74
Tana Tidung;87,03;81,49;2470,95;2612,54
Nunukan;824,85;832,63;10960,7;11597,64
Kota Tarakan;1615,18;1728,9;15450,12;16202,5
Bolaang Mongondow;225,68;241,87;3164,9;3465,68
Minahasa;557,44;565,91;6593,61;7027,58
Kepulauan Sangihe;86,08;88,44;1708,87;1845,29
Kepulauan Talaud;16;16,85;852,47;927,03
Minahasa Selatan;508,47;543,06;3454,35;3680,38
Minahasa Utara;907,87;924,86;5631,73;6003,51
Bolaang Mongondow Utara;35,13;36,41;970,78;1042,16
Siau Tagulandang Biaro;8,94;9,19;931,58;979,61
Minahasa Tenggara;130,89;127,9;2013,76;2144,1
Bolaang Mongondow Selatan;6,62;6,81;808,93;878,49
Bolaang Mongondow Timur;17,42;17,81;1174,31;1276,64
Kota Manado;591,32;623,35;14544,74;15573,12
Kota Bitung;2848,31;2887,51;6997,11;7342,19
Kota Tomohon;116;120,16;1596,87;1724,17
Kota Kotamobagu;63,7;67,15;1426,04;1524,05
Banggai Kepulauan;38,59;39,36;1535,07;1613,41
Banggai;3181,4;3586,41;11826,52;12902,48
Morowali;39043,16;43487,24;51089,06;56375,2
Poso;52,46;53,8;3645,79;3871,65
Donggala;96;99,07;4626,92;5167,68
Toli-Toli;63,36;65,43;3067,29;3251,84
Buol;304,66;315,41;2292,46;2417,56
Parigi Moutong;157,53;160,37;6651,87;6894,16
Tojo Una-Una;133,03;135,55;2036,35;2219,89
Sigi;70,25;71,7;3569,78;3658,98
Banggai Laut;27,24;27,64;924,43;957,27
Morowali Utara;4116,14;4425,1;9995,52;10681,02
Kota Palu;545,96;563,96;9003,01;9708,19
Kepulauan Selayar;71,95;73,87;2305,3;2457,57
Bulukumba;371,93;415,19;5476,12;5879,22
Bantaeng;366,04;340,75;3645,81;3832,08
Jeneponto;131,25;145,09;3543,65;4455,25
Takalar;193,25;187,67;3703,88;3804,56
Gowa;753,63;745,75;8677,85;9662,36
Sinjai;122,33;129,12;4581,35;4715,45
Maros;1135,63;1135,29;7609,72;8001,18
Pangkajene dan Kepulauan;4767,86;4663,7;10440,43;10993,71
Barru;145,87;163,72;2750,64;3026,69
Bone;1056,38;1132,65;14940,22;15603,49
Soppeng;528,59;533,35;4485,28;4453,94
Wajo;310,27;353,29;7606,05;7375
Sidenreng Rappang;931,72;847,28;5662,59;6014,71
Pinrang;486,41;535,8;6771,42;8304,71
Enrekang;431,45;458,74;2897,55;3019,05
Luwu;296,12;363,19;6414,45;6990,59
Tana Toraja;255,49;218,47;2785,83;2886,44
Luwu Utara;228,3;267,07;5503,38;5955,31
Luwu Timur;297,45;343,73;7607,01;9047,74
Toraja Utara;282,58;291,9;3566,65;3787,8
Kota Makassar;13257,09;13855,45;65888,26;72453,6
Kota Parepare;56,97;60,5;2590,6;2896,46
Kota Palopo;75,34;82,24;2994,03;3239,62
Buton;49,87;50,66;1424,12;1488,49
Muna;139,38;115,99;2571,34;2651,67
Konawe;3762,09;3930,32;6580,47;7059,55
Kolaka;722,43;801,24;10695,5;11284,26
Konawe Selatan;105,3;108,97;4868,77;5230,28
Bombana;86,65;91,23;2372,2;2537,92
Wakatobi;72,43;68,56;1599,75;1693,37
Kolaka Utara;32,93;33,66;3248,61;3525,02
Buton Utara;60,58;67,62;1158,69;1196,7
Konawe Utara;12,74;12,89;1603,21;1674,3
Kolaka Timur;55,03;55,81;1629,4;1730,62
Konawe Kepulauan;17,56;19,98;544,93;579,13
Muna Barat;33,56;31,91;945,79;982,37
Buton Tengah;45,75;48,12;866,28;913,8
Buton Selatan;35,21;36,32;1057,82;1086,31
Kota Kendari;586,87;591,5;8225,16;8546,46
Kota Baubau;115,23;119,34;3235,73;3419,47
Boalemo;37,02;37,58;1973,55;1967,14
Gorontalo;265,72;254,64;4973,61;4939,03
Pohuwato;224,87;265,93;2651,04;2919,61
Bone Bolango;113,76;116,3;1694,55;1715,57
Gorontalo Utara;32,57;34,8;1264,31;1271,78
Kota Gorontalo;184,7;189,46;3191,62;3274,33
Majene;108,2;115,27;1784,64;1857,3
Polewali Mandar;349,23;357,63;4929,49;5084,98
Mamasa;58,62;60,75;1046,42;1083,73
Mamuju;208,65;227,85;4383,13;4654,82
Mamuju Utara;1318,09;1431,49;4516,54;5203,46
Mamuju Tengah;114,63;124,26;1315,58;1432,48
Maluku Tenggara Barat;18,19;18,44;992,62;1028,48
Maluku Tenggara;16,8;17,1;1214,94;1250,01
Maluku Tengah;361,88;363,61;3173,32;3236,64
Buru;113,21;119,42;865,25;886,96
Kepulauan Aru;44,49;45,96;1317,97;1347,31
Seram Bagian Barat;71,85;73,04;1126,52;1140,78
Seram Bagian Timur;18,41;18,86;1000,76;1064,1
Maluku Barat Daya;262,41;280,1;856,74;885,53
Buru Selatan;18,78;19,64;514,55;524,4
Kota Ambon;192,39;194,9;5492,7;5654,24
Kota Tual;15,91;16,13;935,99;967,32
Halmahera Barat;36,68;37,02;862,44;908,67
Halmahera Tengah;11094,91;13285,97;15928,37;17160,64
Kepulauan Sula;72,34;82,2;940,88;1011,87
Halmahera Selatan;5256,08;5906,58;8489,68;9425,42
Halmahera Utara;80,41;94,02;2200,23;2186,76
Halmahera Timur;37,45;38,55;2082,84;2465,3
Pulau Morotai;19,12;19,52;582,05;592,76
Pulau Taliabu;7,78;8;600,38;624,35
Kota Ternate;95,75;96,34;4396,15;4518,16
Kota Tidore Kepulauan;24,65;24,86;1091,11;1137,86
Fakfak;61,14;61,09;1714,09;1742,8
Kaimana;46,87;44,49;810,68;807,87
Teluk Wondama;11,43;11,74;471,49;486,91
Teluk Bintuni;8386,49;8268,43;14885,39;14687,74
Manokwari;149,47;151,87;3177,01;3263,62
Manokwari Selatan;2,83;2,85;272,68;272,8
Pegunungan Arfak;0,17;0,17;100,18;101,81
Raja Ampat;9,87;9,86;1097,01;1105,99
Sorong;1534,16;1519,46;3451,12;3432,69
Sorong Selatan;12,09;12,37;621,2;624,77
Maybrat;0,92;0,96;231,33;234,59
Tambrauw;0,56;0,56;85,34;85,47
Kota Sorong;259,46;258,53;4710,85;4657,39
Jayapura;234,08;234,18;5597,08;5736,98
Kepulauan Yapen;53,91;54,4;1432,37;1481,83
Biak Numfor;66,59;69,82;1781,52;1835,48
Sarmi;18,86;19,16;1062,22;1094,39
Keerom;56,13;57,35;983,93;1028,23
Waropen;7,51;7,56;680,88;699,23
Supiori;1,67;1,68;342,6;353,75
Mamberamo Raya;1,69;1,75;630,07;642,81
Kota Jayapura;270,35;271;11056,3;11393,2
Merauke;197,71;201,93;5642,83;5861,18
Boven Digoel;297,68;301,2;1605,73;1653,08
Mappi;5,39;5,45;1068,11;1117,97
Asmat;10,43;10,59;939,42;966,46
Mimika;39,73;42,25;37943,56;41209,54
Dogiyai;0,23;0,23;446,35;459,54
Deiyai;1,42;1,5;484,43;503,9
Nabire;64,3;64,64;4120,33;4271,86
Paniai;4,52;4,73;1451,65;1488,11
Intan Jaya;0,98;1,04;404,91;419,68
Puncak;0,06;0,06;485,84;506,6
Puncak Jaya;2,4;2,41;455,7;464,33
Nduga;0,41;0,45;451,87;455,34
Jayawijaya;48,68;48,86;3028,26;3230,2
Lanny Jaya;0,37;0,41;688,2;745,32
Tolikara;1,07;1,1;591,96;603,12
Mamberamo Tengah;0,32;0,33;428,71;442,13
Yalimo;0,29;0,3;493,32;512,19
Yahukimo;4,32;4,49;861,06;902,28
Pegunungan Bintang;0,56;0,57;714,2;734,34
