pulau;provinsi;jumlah_perusahaan_mikro;jumlah_perusahaan_kecil;jumlah_perusahaan_total;jumlah_tk_mikro;jumlah_tk_kecil;jumlah_tk_total;nilai_input_mikro;nilai_input_kecil;nilai_input_total;nilai_output_mikro;nilai_output_kecil;nilai_output_total;nilai_tambah_mikro;nilai_tambah_kecil;nilai_tambah_total;pengeluaran_tk_mikro;pengeluaran_tk_kecil;pengeluaran_tk_total;internet_tidak;internet_ya;banyak_umk_pinjaman;umk_kemitraan_tidak;umk_kemitraan_ya
SUMATERA;ACEH;101654;2922;104576;150225;19524;169749;3827146;728975;4556121;7946160;1694601;9640761;4119014;965626;5084640;520617;299350;819967;61118;43458;6684;90088;14488
SUMATERA;SUMATERA UTARA;127090;11344;138434;217093;86270;303363;6684735;5435333;12120068;13190696;11678290;24868986;6505960;6242956;12748916;1148827;1445291;2594118;60367;78067;11493;117849;20586
SUMATERA;SUMATERA BARAT;82777;3670;86447;133126;27262;160388;4209515;2143096;6352611;7698613;3665484;11364097;3489098;1522388;5011486;480718;554676;1035394;40723;45725;7879;70198;16250
SUMATERA;RIAU;54345;2572;56917;92177;21300;113477;2756905;1826468;4583373;5948203;4006781;9954984;3191299;2180313;5371612;551395;569400;1120795;23255;33662;4258;50769;6147
SUMATERA;JAMBI;38338;1331;39669;60913;9203;70116;2656681;728751;3385432;5001218;1347571;6348789;2344537;618820;2963357;307045;222181;529226;14643;25026;3248;35155;4514
SUMATERA;SUMATERA SELATAN;80047;5312;85359;135987;43566;179553;3560323;4405328;7965651;6908867;6196522;13105389;3348545;1791194;5139739;496983;614367;1111350;36010;49349;5459;73402;11957
SUMATERA;BENGKULU;22560;768;23328;40434;5132;45566;1307164;232310;1539474;2689260;443823;3133083;1382096;211513;1593609;180109;91153;271262;8209;15119;3328;20804;2525
SUMATERA;LAMPUNG;115840;5545;121385;210507;36191;246698;6821005;1573496;8394501;13133763;3097107;16230870;6312758;1523612;7836370;778708;500440;1279148;45156;76229;9950;106576;14809
SUMATERA;KEP. BANGKA BELITUNG;18044;433;18477;27869;3144;31013;664619;159611;824230;1352633;319924;1672557;688014;160314;848328;79062;70049;149111;7903;10574;800;16000;2478
SUMATERA;KEP. RIAU;23398;373;23771;35594;2538;38132;1078102;252549;1330651;2478235;476569;2954804;1400133;224020;1624153;159319;89217;248536;6869;16902;1406;20815;2955
JAWA;DKI JAKARTA;68935;13960;82895;121578;111919;233497;6095676;6922873;13018549;12551402;15585901;28137303;6455726;8663029;15118755;1275439;3829523;5104962;13803;69092;5918;64337;18558
JAWA;JAWA BARAT;679916;54872;734788;1183611;450532;1634143;47162228;39998619;87160847;84208110;75091475;159299585;37045882;35092856;72138738;6941676;11471693;18413369;293519;441269;85501;593823;140964
JAWA;JAWA TENGAH;795416;48470;843886;1261408;351670;1613078;30378707;19564543;49943250;54956613;34500911;89457524;24577905;14936368;39514273;3520897;5311693;8832590;413709;430176;71278;696484;147402
JAWA;DI YOGYAKARTA;125041;5259;130300;210285;34127;244412;4666601;1485056;6151657;8406081;2875136;11281217;3739481;1390080;5129561;566321;575195;1141516;53815;76484;12506;113280;17020
JAWA;JAWA TIMUR;724760;82605;807365;1241187;768588;2009775;31716750;12034162;43750912;61383026;23157267;84540293;29666276;11123106;40789382;4015461;4345822;8361283;343663;463701;63602;709054;98310
JAWA;BANTEN;137183;9259;146442;239750;72700;312450;10767921;5742085;16510006;25174473;11698959;36873432;14406552;5956873;20363425;1530241;1914332;3444573;57291;89151;14089;118947;27494
BALI & NUSA TENGGARA;BALI;145067;5046;150113;223931;38736;262667;6344576;1931610;8276186;13709146;4558211;18267357;7364570;2626601;9991171;1207017;862960;2069977;79358;70754;8533;134182;15931
BALI & NUSA TENGGARA;NUSA TENGGARA BARAT;85727;16390;102117;128949;180161;309110;3003857;3854703;6858560;5483106;6493028;11976134;2479249;2638325;5117574;314597;749427;1064024;57615;44501;15643;77671;24445
BALI & NUSA TENGGARA;NUSA TENGGARA TIMUR;125244;1717;126961;192880;10898;203778;2461429;158842;2620271;4849776;305402;5155178;2388347;146560;2534907;136241;47673;183914;101540;25421;5206;119958;7003
KALIMANTAN;KALIMANTAN BARAT;56256;1471;57727;89639;10019;99658;2062680;647744;2710424;4084513;1432055;5516568;2021832;784311;2806143;295463;238491;533954;26051;31676;2322;50776;6951
KALIMANTAN;KALIMANTAN TENGAH;29780;756;30536;46855;5191;52046;1441366;256564;1697930;2949939;570460;3520399;1508573;313896;1822469;215850;127983;343833;12393;18144;1654;26237;4299
KALIMANTAN;KALIMANTAN SELATAN;73446;2639;76085;105582;20363;125945;2927641;3159565;6087206;5262117;5877264;11139381;2334476;2717699;5052175;276177;428430;704607;37736;38349;3174;64179;11907
KALIMANTAN;KALIMANTAN TIMUR;36351;1147;37498;59564;8082;67646;1888858;302302;2191160;4142310;1219734;5362044;2253453;917432;3170885;274055;170313;444368;9819;27680;1765;33076;4422
KALIMANTAN;KALIMANTAN UTARA;7239;272;7511;12274;1758;14032;342597;55868;398465;839891;142904;982795;497294;87036;584330;61061;29060;90121;1982;5528;584;6433;1078
SULAWESI;SULAWESI UTARA;39432;1499;40931;67513;9847;77360;1510231;462950;1973181;3354518;904262;4258780;1844287;441312;2285599;345550;162127;507677;20805;20126;1933;36915;4016
SULAWESI;SULAWESI TENGAH;52870;13051;65921;107951;88419;196370;1578450;526562;2105012;3519592;1905531;5425123;1941142;1378968;3320110;220622;225694;446316;47025;18896;8414;56979;8942
SULAWESI;SULAWESI SELATAN;123684;6341;130025;206147;44513;250660;9390042;3336906;12726948;17562654;6087555;23650209;8172612;2750649;10923261;1439212;1141693;2580905;61579;68445;12810;113997;16028
SULAWESI;SULAWESI TENGGARA;51459;2487;53946;95157;16573;111730;2628084;372458;3000542;4919531;691424;5610955;2291447;318966;2610413;270256;115152;385408;35265;18681;6314;48440;5507
SULAWESI;GORONTALO;35234;3534;38768;68513;27774;96287;1131774;425410;1557184;2409826;915938;3325764;1278053;490528;1768581;148073;156211;304284;25910;12858;2464;33930;4839
SULAWESI;SULAWESI BARAT;23137;632;23769;36884;4602;41486;719584;405671;1125255;1503059;575323;2078382;783475;169653;953128;90311;41426;131737;14644;9125;2100;21582;2187
MALUKU & PAPUA;MALUKU;32021;1397;33418;50892;9306;60198;1014619;53784;1068403;2226234;152539;2378773;1211614;98755;1310369;50941;24581;75522;29938;3480;596;31040;2378
MALUKU & PAPUA;MALUKU UTARA;17071;5125;22196;32842;41659;74501;730626;285542;1016168;1970849;710458;2681307;1240223;424916;1665139;85907;111215;197122;17328;4867;880;20460;1735
MALUKU & PAPUA;PAPUA BARAT;3199;166;3365;5119;1092;6211;189483;110536;300019;370701;243834;614535;181218;133298;314516;24962;38384;63346;1999;1366;230;3169;197
MALUKU & PAPUA;PAPUA BARAT DAYA;3605;174;3779;5637;981;6618;197588;66410;263998;483952;168100;652052;286364;101690;388054;38935;20860;59795;2087;1692;284;3225;554
MALUKU & PAPUA;PAPUA;7241;124;7365;11085;828;11913;261132;22953;284085;602040;66547;668587;340909;43595;384504;47302;19911;67213;4252;3113;700;6415;950
MALUKU & PAPUA;PAPUA SELATAN;2842;81;2923;4183;564;4747;183596;26016;209612;357369;58946;416315;173774;32930;206704;25399;12107;37506;1495;1428;364;2484;439
MALUKU & PAPUA;PAPUA TENGAH;2524;139;2663;4205;1144;5349;144715;101163;245878;353490;200562;554052;208775;99399;308174;41644;44094;85738;1591;1073;53;2500;163
MALUKU & PAPUA;PAPUA PEGUNUNGAN;115;117;232;167;756;923;885;69235;70120;5531;133307;138838;4646;64072;68718;599;5427;6026;90;142;86;143;89
